record_id,timestamp,bus_route,station_id,hourly_boarding_count,weather_condition,day_of_week,holiday_flag,card_type,boarding_type
record_1,2023-12-05 12:07:19,Route_9,Station_14,5,snowy,Friday,0,monthly_pass,off_peak
record_2,2024-10-14 16:07:19,Route_15,Station_45,4,clear,Thursday,0,student,off_peak
record_3,2024-06-09 08:07:19,Route_17,Station_37,4,foggy,Friday,1,regular,peak
record_4,2024-07-05 11:07:19,Route_5,Station_31,5,foggy,Wednesday,1,monthly_pass,off_peak
record_5,2024-09-04 18:07:19,Route_14,Station_18,5,rainy,Saturday,0,senior,peak
record_6,2024-01-22 13:07:19,Route_3,Station_3,21,clear,Tuesday,1,student,off_peak
record_7,2023-12-30 02:07:19,Route_8,Station_5,3,clear,Friday,1,regular,off_peak
record_8,2024-10-11 15:07:19,Route_15,Station_44,6,clear,Friday,1,monthly_pass,off_peak
record_9,2024-09-10 09:07:19,Route_12,Station_18,3,foggy,Thursday,1,regular,off_peak
record_10,2024-06-29 23:07:19,Route_1,Station_35,9,foggy,Wednesday,0,monthly_pass,peak
record_11,2023-12-24 15:07:19,Route_14,Station_37,3,cloudy,Wednesday,0,monthly_pass,peak
record_12,2024-01-14 09:07:19,Route_2,Station_43,5,foggy,Friday,1,regular,peak
record_13,2023-11-29 17:07:19,Route_13,Station_3,20,foggy,Wednesday,0,regular,peak
record_14,2024-01-22 02:07:19,Route_17,Station_12,5,clear,Sunday,0,student,peak
record_15,2024-07-07 01:07:19,Route_12,Station_21,6,snowy,Wednesday,1,monthly_pass,off_peak
record_16,2023-12-31 07:07:19,Route_8,Station_2,26,rainy,Thursday,0,monthly_pass,off_peak
record_17,2024-10-24 10:07:19,Route_13,Station_14,2,snowy,Sunday,1,regular,peak
record_18,2023-11-05 02:07:19,Route_3,Station_38,6,rainy,Saturday,1,student,off_peak
record_19,2024-05-06 07:07:19,Route_12,Station_10,6,cloudy,Thursday,1,regular,peak
record_20,2024-08-09 09:07:19,Route_8,Station_49,1,foggy,Sunday,1,senior,off_peak
record_21,2024-05-08 12:07:19,Route_1,Station_46,7,rainy,Saturday,0,student,off_peak
record_22,2024-09-10 03:07:19,Route_11,Station_26,2,rainy,Wednesday,0,senior,off_peak
record_23,2024-09-08 04:07:19,Route_4,Station_5,11,rainy,Friday,0,student,peak
record_24,2024-05-03 20:07:19,Route_11,Station_20,16,rainy,Tuesday,1,monthly_pass,off_peak
record_25,2024-06-14 14:07:19,Route_5,Station_11,2,foggy,Friday,1,regular,peak
record_26,2024-03-05 22:07:19,Route_5,Station_37,3,snowy,Friday,1,student,off_peak
record_27,2024-08-25 03:07:19,Route_2,Station_16,8,rainy,Tuesday,0,monthly_pass,peak
record_28,2024-09-16 22:07:19,Route_10,Station_37,3,clear,Thursday,1,monthly_pass,peak
record_29,2024-05-29 19:07:19,Route_16,Station_25,3,rainy,Sunday,1,senior,off_peak
record_30,2023-12-16 04:07:19,Route_5,Station_44,5,foggy,Friday,1,senior,peak
record_31,2024-01-06 09:07:19,Route_16,Station_35,22,clear,Saturday,1,monthly_pass,peak
record_32,2023-11-02 13:07:19,Route_15,Station_22,6,foggy,Wednesday,0,senior,peak
record_33,2024-10-03 18:07:19,Route_20,Station_25,3,cloudy,Wednesday,0,monthly_pass,off_peak
record_34,2024-07-03 06:07:19,Route_1,Station_49,21,foggy,Thursday,1,monthly_pass,off_peak
record_35,2024-09-17 08:07:19,Route_3,Station_48,16,clear,Thursday,0,monthly_pass,off_peak
record_36,2024-09-06 03:07:19,Route_1,Station_9,4,snowy,Thursday,1,senior,peak
record_37,2024-06-07 01:07:19,Route_9,Station_45,18,clear,Monday,1,student,peak
record_38,2023-12-07 04:07:19,Route_7,Station_47,8,snowy,Saturday,1,monthly_pass,peak
record_39,2024-08-05 04:07:19,Route_5,Station_6,10,clear,Monday,0,regular,off_peak
record_40,2024-04-29 09:07:19,Route_18,Station_33,3,rainy,Wednesday,1,regular,peak
record_41,2023-11-19 07:07:19,Route_20,Station_48,2,foggy,Friday,1,senior,peak
record_42,2023-11-02 18:07:19,Route_17,Station_23,5,cloudy,Monday,0,monthly_pass,off_peak
record_43,2023-12-01 13:07:19,Route_14,Station_4,16,snowy,Friday,0,monthly_pass,off_peak
record_44,2023-12-20 19:07:19,Route_4,Station_7,6,snowy,Tuesday,1,student,peak
record_45,2024-07-31 22:07:19,Route_10,Station_28,7,rainy,Wednesday,0,student,peak
record_46,2024-06-24 10:07:19,Route_8,Station_15,21,rainy,Monday,1,regular,off_peak
record_47,2024-03-05 03:07:19,Route_10,Station_5,3,clear,Wednesday,0,regular,off_peak
record_48,2024-06-10 19:07:19,Route_4,Station_22,6,snowy,Tuesday,1,regular,peak
record_49,2023-11-09 22:07:19,Route_2,Station_39,28,foggy,Tuesday,1,regular,peak
record_50,2024-07-06 18:07:19,Route_8,Station_50,25,clear,Sunday,1,monthly_pass,peak
record_51,2024-05-14 14:07:19,Route_14,Station_40,6,rainy,Wednesday,1,regular,off_peak
record_52,2024-07-02 14:07:19,Route_20,Station_39,4,snowy,Monday,0,student,off_peak
record_53,2024-05-19 03:07:19,Route_15,Station_26,11,cloudy,Sunday,0,monthly_pass,off_peak
record_54,2024-06-12 13:07:19,Route_3,Station_50,8,cloudy,Sunday,0,senior,off_peak
record_55,2024-07-10 21:07:19,Route_4,Station_21,3,snowy,Saturday,1,student,off_peak
record_56,2024-05-19 09:07:19,Route_16,Station_2,17,foggy,Sunday,1,senior,peak
record_57,2023-11-27 00:07:19,Route_20,Station_41,1,snowy,Wednesday,0,regular,off_peak
record_58,2024-04-07 19:07:19,Route_18,Station_18,5,foggy,Friday,1,regular,peak
record_59,2024-03-07 11:07:19,Route_1,Station_29,2,rainy,Friday,0,monthly_pass,peak
record_60,2024-06-14 11:07:19,Route_17,Station_32,8,foggy,Friday,1,monthly_pass,peak
record_61,2024-06-22 16:07:19,Route_19,Station_15,2,foggy,Friday,1,student,off_peak
record_62,2024-01-13 22:07:19,Route_8,Station_23,5,snowy,Friday,1,senior,peak
record_63,2024-06-14 16:07:19,Route_5,Station_36,8,snowy,Tuesday,0,monthly_pass,off_peak
record_64,2024-01-02 02:07:19,Route_10,Station_25,19,cloudy,Monday,0,monthly_pass,peak
record_65,2024-01-03 03:07:19,Route_14,Station_28,2,rainy,Monday,0,senior,peak
record_66,2024-04-25 08:07:19,Route_1,Station_12,1,clear,Thursday,1,senior,off_peak
record_67,2024-08-17 23:07:19,Route_20,Station_44,4,snowy,Wednesday,0,regular,off_peak
record_68,2024-02-18 13:07:19,Route_12,Station_38,5,rainy,Tuesday,1,regular,peak
record_69,2024-10-03 12:07:19,Route_8,Station_43,4,rainy,Tuesday,1,monthly_pass,off_peak
record_70,2024-08-09 19:07:19,Route_19,Station_25,3,cloudy,Wednesday,0,regular,off_peak
record_71,2024-08-06 18:07:19,Route_14,Station_6,4,snowy,Wednesday,1,monthly_pass,off_peak
record_72,2024-03-24 20:07:19,Route_6,Station_50,8,snowy,Friday,0,monthly_pass,off_peak
record_73,2024-09-25 03:07:19,Route_3,Station_40,2,rainy,Tuesday,1,senior,off_peak
record_74,2024-04-14 20:07:19,Route_17,Station_19,2,snowy,Tuesday,1,monthly_pass,peak
record_75,2024-03-01 23:07:19,Route_12,Station_16,17,cloudy,Wednesday,0,monthly_pass,off_peak
record_76,2024-06-20 22:07:19,Route_3,Station_46,2,cloudy,Sunday,0,monthly_pass,off_peak
record_77,2024-10-21 18:07:19,Route_17,Station_5,7,cloudy,Wednesday,1,regular,peak
record_78,2024-08-29 18:07:19,Route_18,Station_6,23,snowy,Monday,1,regular,off_peak
record_79,2024-01-27 07:07:19,Route_17,Station_18,10,snowy,Friday,1,student,off_peak
record_80,2023-12-04 05:07:19,Route_17,Station_10,27,cloudy,Thursday,0,senior,peak
record_81,2024-08-31 06:07:19,Route_18,Station_25,4,foggy,Friday,0,student,peak
record_82,2024-03-19 10:07:19,Route_1,Station_46,7,clear,Tuesday,0,monthly_pass,peak
record_83,2024-03-09 15:07:19,Route_13,Station_41,6,rainy,Saturday,0,monthly_pass,off_peak
record_84,2024-06-14 23:07:19,Route_16,Station_10,4,foggy,Monday,0,student,peak
record_85,2024-07-27 23:07:19,Route_2,Station_48,18,clear,Saturday,0,senior,peak
record_86,2024-09-02 19:07:19,Route_13,Station_25,4,snowy,Wednesday,0,monthly_pass,peak
record_87,2024-05-27 19:07:19,Route_12,Station_21,4,rainy,Sunday,1,monthly_pass,off_peak
record_88,2024-02-10 20:07:19,Route_9,Station_24,7,foggy,Thursday,1,regular,off_peak
record_89,2024-07-18 11:07:19,Route_1,Station_7,4,rainy,Tuesday,1,monthly_pass,off_peak
record_90,2024-04-19 10:07:19,Route_12,Station_6,3,snowy,Thursday,1,monthly_pass,peak
record_91,2024-01-24 23:07:19,Route_3,Station_1,20,clear,Sunday,0,monthly_pass,peak
record_92,2024-10-26 20:07:19,Route_12,Station_20,4,clear,Saturday,0,student,peak
record_93,2024-05-15 00:07:19,Route_8,Station_29,6,clear,Saturday,1,regular,off_peak
record_94,2024-10-18 12:07:19,Route_4,Station_24,33,foggy,Friday,1,monthly_pass,peak
record_95,2024-04-25 06:07:19,Route_19,Station_49,7,clear,Sunday,1,senior,off_peak
record_96,2024-06-27 14:07:19,Route_11,Station_18,5,foggy,Monday,1,monthly_pass,off_peak
record_97,2024-06-25 21:07:19,Route_5,Station_7,26,foggy,Friday,1,monthly_pass,off_peak
record_98,2024-09-17 13:07:19,Route_2,Station_9,22,cloudy,Saturday,0,senior,off_peak
record_99,2024-02-22 13:07:19,Route_12,Station_6,4,foggy,Wednesday,0,senior,peak
record_100,2024-01-29 11:07:19,Route_18,Station_12,11,rainy,Monday,1,senior,peak
record_101,2024-08-22 18:07:19,Route_11,Station_28,5,clear,Saturday,0,regular,peak
record_102,2024-02-26 22:07:19,Route_6,Station_29,18,foggy,Sunday,1,regular,off_peak
record_103,2024-08-04 07:07:19,Route_15,Station_36,21,snowy,Friday,0,regular,off_peak
record_104,2024-01-30 20:07:19,Route_16,Station_36,6,foggy,Thursday,1,student,peak
record_105,2024-03-25 09:07:19,Route_6,Station_33,21,foggy,Monday,0,senior,off_peak
record_106,2024-01-24 16:07:19,Route_5,Station_27,6,cloudy,Sunday,0,senior,peak
record_107,2023-11-09 09:07:19,Route_3,Station_7,16,rainy,Monday,1,regular,peak
record_108,2023-10-28 06:07:19,Route_15,Station_2,6,snowy,Sunday,0,senior,peak
record_109,2024-04-05 18:07:19,Route_2,Station_6,6,cloudy,Wednesday,1,monthly_pass,off_peak
record_110,2023-11-30 04:07:19,Route_10,Station_23,24,rainy,Wednesday,0,regular,off_peak
record_111,2024-03-16 23:07:19,Route_7,Station_36,23,foggy,Sunday,0,monthly_pass,peak
record_112,2024-03-10 12:07:19,Route_2,Station_6,1,snowy,Thursday,1,senior,peak
record_113,2024-06-23 08:07:19,Route_7,Station_39,6,rainy,Thursday,1,senior,off_peak
record_114,2024-09-25 05:07:19,Route_2,Station_39,24,cloudy,Sunday,1,monthly_pass,peak
record_115,2024-10-16 21:07:19,Route_11,Station_21,7,foggy,Monday,1,senior,peak
record_116,2024-01-18 08:07:19,Route_10,Station_25,18,foggy,Sunday,1,regular,off_peak
record_117,2023-12-31 08:07:19,Route_17,Station_1,2,clear,Sunday,1,student,off_peak
record_118,2024-10-24 13:07:19,Route_13,Station_19,2,cloudy,Tuesday,1,student,peak
record_119,2023-10-30 19:07:19,Route_18,Station_27,22,snowy,Saturday,0,student,off_peak
record_120,2024-09-27 08:07:19,Route_16,Station_25,5,foggy,Saturday,0,senior,off_peak
record_121,2024-09-23 14:07:19,Route_9,Station_50,2,clear,Sunday,1,regular,peak
record_122,2024-05-11 13:07:19,Route_2,Station_6,2,rainy,Friday,0,regular,peak
record_123,2024-02-07 08:07:19,Route_7,Station_47,19,foggy,Monday,0,senior,peak
record_124,2024-06-06 18:07:19,Route_10,Station_36,18,rainy,Saturday,1,regular,off_peak
record_125,2024-02-22 09:07:19,Route_12,Station_16,4,foggy,Sunday,1,senior,peak
record_126,2024-01-25 11:07:19,Route_2,Station_37,6,rainy,Saturday,1,student,off_peak
record_127,2024-01-08 21:07:19,Route_11,Station_34,5,cloudy,Thursday,0,regular,off_peak
record_128,2024-02-28 08:07:19,Route_9,Station_11,3,rainy,Monday,1,senior,peak
record_129,2024-02-28 02:07:19,Route_4,Station_44,5,rainy,Wednesday,0,regular,peak
record_130,2024-07-22 12:07:19,Route_12,Station_25,3,foggy,Friday,0,monthly_pass,peak
record_131,2024-09-07 18:07:19,Route_14,Station_11,3,foggy,Monday,0,monthly_pass,peak
record_132,2024-03-21 04:07:19,Route_13,Station_9,6,rainy,Wednesday,0,monthly_pass,peak
record_133,2024-03-25 02:07:19,Route_15,Station_18,21,cloudy,Friday,0,senior,peak
record_134,2024-03-01 16:07:19,Route_13,Station_20,3,snowy,Friday,0,regular,peak
record_135,2024-09-29 18:07:19,Route_11,Station_18,6,clear,Tuesday,1,monthly_pass,off_peak
record_136,2023-11-27 19:07:19,Route_6,Station_32,2,rainy,Wednesday,1,regular,peak
record_137,2024-09-07 14:07:19,Route_16,Station_10,15,cloudy,Friday,0,senior,off_peak
record_138,2024-04-03 16:07:19,Route_16,Station_5,12,rainy,Saturday,0,monthly_pass,peak
record_139,2024-05-07 12:07:19,Route_12,Station_11,7,clear,Tuesday,0,monthly_pass,peak
record_140,2024-06-22 09:07:19,Route_17,Station_28,7,snowy,Tuesday,1,senior,off_peak
record_141,2024-07-21 22:07:19,Route_9,Station_18,4,snowy,Monday,1,regular,off_peak
record_142,2024-03-12 11:07:19,Route_3,Station_27,21,rainy,Saturday,1,monthly_pass,peak
record_143,2024-03-25 10:07:19,Route_14,Station_20,4,clear,Saturday,0,regular,off_peak
record_144,2024-06-07 01:07:19,Route_3,Station_31,18,rainy,Thursday,1,student,peak
record_145,2024-06-22 13:07:19,Route_14,Station_5,17,foggy,Thursday,1,senior,off_peak
record_146,2024-03-14 22:07:19,Route_20,Station_24,16,snowy,Sunday,1,monthly_pass,off_peak
record_147,2024-09-07 14:07:19,Route_6,Station_17,8,cloudy,Friday,1,senior,off_peak
record_148,2023-11-28 22:07:19,Route_18,Station_16,15,cloudy,Friday,1,student,off_peak
record_149,2024-10-20 13:07:19,Route_10,Station_47,6,cloudy,Friday,0,senior,peak
record_150,2024-06-28 10:07:19,Route_11,Station_41,6,clear,Monday,0,senior,off_peak
record_151,2024-04-02 00:07:19,Route_4,Station_32,7,clear,Tuesday,1,monthly_pass,off_peak
record_152,2024-02-24 09:07:19,Route_3,Station_39,8,snowy,Thursday,0,student,off_peak
record_153,2024-04-05 14:07:19,Route_11,Station_40,6,clear,Wednesday,1,monthly_pass,peak
record_154,2024-08-04 03:07:19,Route_10,Station_13,17,foggy,Sunday,0,regular,peak
record_155,2024-10-26 03:07:19,Route_10,Station_30,5,snowy,Thursday,1,student,peak
record_156,2024-06-14 01:07:19,Route_15,Station_7,25,snowy,Tuesday,1,senior,off_peak
record_157,2024-06-03 02:07:19,Route_20,Station_9,4,foggy,Tuesday,1,senior,off_peak
record_158,2023-11-05 16:07:19,Route_14,Station_20,7,foggy,Wednesday,0,regular,off_peak
record_159,2024-01-16 18:07:19,Route_6,Station_1,21,foggy,Monday,0,senior,off_peak
record_160,2024-02-21 11:07:19,Route_15,Station_26,6,rainy,Thursday,1,monthly_pass,peak
record_161,2024-07-22 06:07:19,Route_12,Station_22,21,cloudy,Friday,1,student,off_peak
record_162,2024-07-08 14:07:19,Route_15,Station_40,9,cloudy,Saturday,0,regular,peak
record_163,2024-01-04 16:07:19,Route_2,Station_25,6,snowy,Monday,1,regular,off_peak
record_164,2024-01-24 14:07:19,Route_12,Station_22,3,foggy,Friday,0,senior,peak
record_165,2024-05-20 14:07:19,Route_20,Station_29,1,clear,Thursday,0,senior,peak
record_166,2024-10-01 21:07:19,Route_14,Station_22,6,foggy,Wednesday,1,regular,peak
record_167,2024-02-25 23:07:19,Route_9,Station_28,3,snowy,Monday,1,monthly_pass,off_peak
record_168,2024-01-30 10:07:19,Route_2,Station_42,6,cloudy,Thursday,0,monthly_pass,peak
record_169,2024-09-27 23:07:19,Route_3,Station_39,2,rainy,Friday,0,student,peak
record_170,2024-09-16 10:07:19,Route_13,Station_9,31,foggy,Thursday,0,senior,peak
record_171,2024-09-21 20:07:19,Route_12,Station_20,19,cloudy,Sunday,1,regular,peak
record_172,2024-09-22 18:07:19,Route_17,Station_21,5,snowy,Saturday,0,senior,off_peak
record_173,2024-06-29 03:07:19,Route_6,Station_39,27,snowy,Tuesday,1,senior,off_peak
record_174,2024-08-26 21:07:19,Route_1,Station_45,15,cloudy,Sunday,0,monthly_pass,peak
record_175,2024-06-22 21:07:19,Route_5,Station_13,4,cloudy,Tuesday,1,senior,peak
record_176,2023-12-28 14:07:19,Route_20,Station_31,5,foggy,Thursday,0,student,peak
record_177,2023-12-15 13:07:19,Route_15,Station_21,18,clear,Friday,1,monthly_pass,off_peak
record_178,2024-03-26 18:07:19,Route_2,Station_12,22,foggy,Tuesday,1,monthly_pass,off_peak
record_179,2024-01-02 21:07:19,Route_5,Station_26,1,rainy,Thursday,1,senior,peak
record_180,2024-02-03 05:07:19,Route_3,Station_21,3,cloudy,Thursday,1,monthly_pass,off_peak
record_181,2024-06-16 09:07:19,Route_8,Station_19,16,rainy,Saturday,1,student,off_peak
record_182,2023-11-19 17:07:19,Route_12,Station_48,1,rainy,Friday,1,regular,peak
record_183,2024-05-20 08:07:19,Route_12,Station_45,4,clear,Tuesday,1,student,peak
record_184,2024-06-14 03:07:19,Route_13,Station_41,7,foggy,Friday,1,monthly_pass,off_peak
record_185,2024-08-20 18:07:19,Route_19,Station_32,27,snowy,Friday,0,student,peak
record_186,2023-12-02 06:07:19,Route_2,Station_37,2,rainy,Saturday,0,monthly_pass,off_peak
record_187,2024-03-07 05:07:19,Route_20,Station_16,15,rainy,Friday,1,senior,peak
record_188,2024-09-20 15:07:19,Route_5,Station_21,6,rainy,Tuesday,1,monthly_pass,off_peak
record_189,2024-03-06 20:07:19,Route_15,Station_25,5,rainy,Tuesday,0,regular,peak
record_190,2024-01-13 12:07:19,Route_12,Station_18,8,snowy,Monday,1,student,peak
record_191,2024-09-19 22:07:19,Route_12,Station_26,17,foggy,Wednesday,0,senior,off_peak
record_192,2024-07-09 23:07:19,Route_15,Station_24,6,clear,Sunday,0,monthly_pass,peak
record_193,2024-06-14 11:07:19,Route_3,Station_8,1,rainy,Thursday,1,student,off_peak
record_194,2024-05-02 13:07:19,Route_19,Station_37,5,cloudy,Wednesday,0,student,peak
record_195,2024-06-24 04:07:19,Route_5,Station_13,2,snowy,Saturday,1,student,peak
record_196,2024-06-04 10:07:19,Route_17,Station_38,6,clear,Friday,1,senior,peak
record_197,2024-03-16 22:07:19,Route_12,Station_35,4,cloudy,Monday,0,monthly_pass,peak
record_198,2023-11-02 06:07:19,Route_13,Station_12,3,cloudy,Monday,0,monthly_pass,off_peak
record_199,2023-12-18 19:07:19,Route_11,Station_44,5,cloudy,Saturday,0,senior,off_peak
record_200,2024-01-31 15:07:19,Route_9,Station_50,6,rainy,Thursday,1,regular,peak
record_201,2023-11-20 22:07:19,Route_8,Station_36,17,foggy,Thursday,1,student,peak
record_202,2024-05-26 18:07:19,Route_4,Station_2,21,rainy,Wednesday,0,monthly_pass,peak
record_203,2024-09-04 11:07:19,Route_1,Station_47,2,cloudy,Wednesday,1,senior,off_peak
record_204,2024-06-14 12:07:19,Route_6,Station_30,8,clear,Tuesday,1,senior,peak
record_205,2024-09-02 16:07:19,Route_16,Station_46,4,rainy,Wednesday,1,student,off_peak
record_206,2024-01-18 11:07:19,Route_17,Station_14,10,clear,Wednesday,0,senior,off_peak
record_207,2024-06-10 06:07:19,Route_13,Station_29,4,rainy,Friday,0,student,peak
record_208,2023-12-23 09:07:19,Route_18,Station_19,15,foggy,Saturday,0,monthly_pass,peak
record_209,2024-05-05 09:07:19,Route_4,Station_45,3,foggy,Monday,0,student,peak
record_210,2023-11-10 19:07:19,Route_9,Station_5,8,rainy,Sunday,1,regular,peak
record_211,2024-06-13 23:07:19,Route_9,Station_27,3,rainy,Wednesday,1,student,off_peak
record_212,2024-02-20 07:07:19,Route_15,Station_44,4,foggy,Tuesday,0,student,off_peak
record_213,2024-10-01 13:07:19,Route_7,Station_32,20,clear,Wednesday,1,regular,off_peak
record_214,2023-12-08 02:07:19,Route_20,Station_9,5,foggy,Friday,0,student,peak
record_215,2024-06-08 14:07:19,Route_10,Station_41,5,rainy,Sunday,1,senior,off_peak
record_216,2024-10-26 05:07:19,Route_16,Station_20,24,clear,Sunday,0,monthly_pass,peak
record_217,2024-08-21 19:07:19,Route_7,Station_16,8,rainy,Thursday,0,monthly_pass,peak
record_218,2024-06-15 10:07:19,Route_4,Station_17,3,snowy,Friday,1,monthly_pass,off_peak
record_219,2024-03-14 22:07:19,Route_5,Station_43,2,rainy,Tuesday,0,monthly_pass,off_peak
record_220,2023-11-01 02:07:19,Route_3,Station_10,7,foggy,Thursday,0,regular,off_peak
record_221,2024-01-14 15:07:19,Route_15,Station_46,7,cloudy,Monday,0,student,off_peak
record_222,2024-08-31 13:07:19,Route_6,Station_28,29,foggy,Sunday,1,student,peak
record_223,2023-11-09 11:07:19,Route_15,Station_25,4,foggy,Tuesday,1,senior,off_peak
record_224,2024-01-22 14:07:19,Route_3,Station_5,3,clear,Tuesday,1,student,peak
record_225,2024-04-20 21:07:19,Route_11,Station_29,8,snowy,Saturday,0,regular,off_peak
record_226,2024-01-19 11:07:19,Route_12,Station_39,6,clear,Wednesday,1,senior,off_peak
record_227,2024-03-21 11:07:19,Route_3,Station_31,8,rainy,Tuesday,0,senior,peak
record_228,2024-10-06 06:07:19,Route_18,Station_38,13,cloudy,Sunday,0,student,peak
record_229,2024-04-24 14:07:19,Route_18,Station_26,4,foggy,Saturday,1,regular,peak
record_230,2024-04-27 09:07:19,Route_10,Station_35,16,cloudy,Sunday,0,monthly_pass,peak
record_231,2023-11-13 08:07:19,Route_10,Station_33,6,cloudy,Monday,1,regular,peak
record_232,2023-11-21 12:07:19,Route_6,Station_45,12,rainy,Monday,0,regular,peak
record_233,2024-04-28 22:07:19,Route_6,Station_27,4,rainy,Saturday,0,regular,peak
record_234,2024-04-01 20:07:19,Route_12,Station_35,4,cloudy,Monday,0,senior,off_peak
record_235,2024-08-09 08:07:19,Route_17,Station_3,3,foggy,Tuesday,1,senior,off_peak
record_236,2024-08-05 10:07:19,Route_8,Station_24,8,rainy,Friday,1,regular,off_peak
record_237,2024-03-30 15:07:19,Route_4,Station_45,8,foggy,Tuesday,1,monthly_pass,off_peak
record_238,2024-07-27 16:07:19,Route_7,Station_35,3,rainy,Sunday,1,senior,off_peak
record_239,2024-05-10 02:07:19,Route_5,Station_39,3,foggy,Sunday,1,regular,peak
record_240,2023-11-19 16:07:19,Route_8,Station_41,6,foggy,Sunday,0,monthly_pass,peak
record_241,2024-06-22 07:07:19,Route_16,Station_6,2,snowy,Wednesday,1,student,peak
record_242,2024-08-06 17:07:19,Route_1,Station_7,7,rainy,Monday,1,student,peak
record_243,2024-09-02 03:07:19,Route_12,Station_50,24,snowy,Wednesday,1,regular,peak
record_244,2024-10-08 00:07:19,Route_18,Station_16,4,cloudy,Saturday,1,regular,peak
record_245,2024-07-06 09:07:19,Route_19,Station_43,6,foggy,Sunday,0,senior,off_peak
record_246,2024-03-06 04:07:19,Route_12,Station_43,5,foggy,Monday,1,monthly_pass,off_peak
record_247,2024-05-24 08:07:19,Route_15,Station_23,3,clear,Wednesday,0,regular,off_peak
record_248,2024-07-05 15:07:19,Route_18,Station_11,9,rainy,Thursday,1,student,off_peak
record_249,2023-11-25 09:07:19,Route_5,Station_42,5,cloudy,Thursday,1,regular,peak
record_250,2024-04-06 05:07:19,Route_20,Station_40,4,cloudy,Monday,1,senior,peak
record_251,2024-06-07 13:07:19,Route_3,Station_3,4,rainy,Wednesday,1,senior,off_peak
record_252,2024-06-07 04:07:19,Route_3,Station_37,1,clear,Tuesday,0,monthly_pass,off_peak
record_253,2023-12-03 23:07:19,Route_10,Station_42,4,clear,Saturday,0,student,off_peak
record_254,2024-04-05 18:07:19,Route_13,Station_44,5,rainy,Friday,1,monthly_pass,off_peak
record_255,2024-01-27 05:07:19,Route_16,Station_42,14,foggy,Tuesday,1,student,off_peak
record_256,2024-10-13 12:07:19,Route_17,Station_26,3,foggy,Tuesday,1,student,peak
record_257,2024-06-16 10:07:19,Route_14,Station_49,3,cloudy,Friday,1,regular,peak
record_258,2024-01-04 07:07:19,Route_14,Station_22,1,rainy,Friday,1,student,peak
record_259,2024-10-08 12:07:19,Route_19,Station_28,5,foggy,Sunday,1,student,peak
record_260,2023-12-27 02:07:19,Route_3,Station_7,4,clear,Wednesday,0,senior,peak
record_261,2024-05-03 16:07:19,Route_5,Station_1,7,rainy,Friday,1,monthly_pass,off_peak
record_262,2024-05-20 02:07:19,Route_11,Station_7,7,cloudy,Thursday,1,monthly_pass,off_peak
record_263,2023-12-21 23:07:19,Route_3,Station_17,23,foggy,Friday,1,senior,peak
record_264,2024-08-29 03:07:19,Route_15,Station_15,2,foggy,Saturday,0,regular,peak
record_265,2024-01-06 09:07:19,Route_15,Station_33,6,clear,Tuesday,0,monthly_pass,peak
record_266,2024-06-19 14:07:19,Route_17,Station_48,7,foggy,Saturday,1,senior,peak
record_267,2023-10-31 02:07:19,Route_12,Station_34,2,foggy,Saturday,0,regular,off_peak
record_268,2024-10-26 23:07:19,Route_5,Station_36,7,clear,Saturday,1,senior,peak
record_269,2024-01-25 18:07:19,Route_18,Station_38,5,clear,Monday,0,monthly_pass,off_peak
record_270,2023-11-19 09:07:19,Route_19,Station_45,7,cloudy,Thursday,0,monthly_pass,off_peak
record_271,2024-04-24 02:07:19,Route_6,Station_37,6,rainy,Friday,0,student,off_peak
record_272,2024-09-21 18:07:19,Route_5,Station_15,5,foggy,Saturday,0,senior,off_peak
record_273,2024-05-10 20:07:19,Route_14,Station_29,6,foggy,Friday,1,student,off_peak
record_274,2024-05-19 18:07:19,Route_17,Station_24,5,clear,Monday,0,senior,off_peak
record_275,2024-08-24 16:07:19,Route_2,Station_26,4,cloudy,Wednesday,0,monthly_pass,off_peak
record_276,2024-05-26 23:07:19,Route_4,Station_30,20,foggy,Tuesday,1,senior,peak
record_277,2024-05-21 18:07:19,Route_17,Station_50,5,cloudy,Monday,1,senior,peak
record_278,2024-04-01 05:07:19,Route_5,Station_44,1,snowy,Wednesday,0,regular,off_peak
record_279,2024-04-03 17:07:19,Route_10,Station_38,23,clear,Tuesday,1,regular,peak
record_280,2024-05-28 22:07:19,Route_6,Station_45,20,foggy,Sunday,1,regular,off_peak
record_281,2024-08-23 09:07:19,Route_6,Station_33,5,cloudy,Saturday,0,student,peak
record_282,2024-03-25 18:07:19,Route_11,Station_10,3,rainy,Friday,0,senior,peak
record_283,2024-04-15 18:07:19,Route_8,Station_23,14,cloudy,Wednesday,0,monthly_pass,peak
record_284,2024-07-29 20:07:19,Route_12,Station_2,3,cloudy,Monday,0,senior,peak
record_285,2024-01-10 06:07:19,Route_17,Station_31,32,snowy,Thursday,0,senior,off_peak
record_286,2024-04-02 22:07:19,Route_10,Station_7,7,foggy,Saturday,0,regular,peak
record_287,2024-10-27 06:07:19,Route_3,Station_19,2,foggy,Monday,0,student,peak
record_288,2024-06-03 09:07:19,Route_9,Station_27,16,clear,Monday,0,monthly_pass,off_peak
record_289,2024-03-20 21:07:19,Route_7,Station_6,5,cloudy,Thursday,0,monthly_pass,off_peak
record_290,2023-12-21 19:07:19,Route_18,Station_8,8,rainy,Saturday,0,regular,off_peak
record_291,2024-05-16 01:07:19,Route_9,Station_47,28,snowy,Wednesday,1,monthly_pass,peak
record_292,2024-03-15 01:07:19,Route_5,Station_10,22,cloudy,Saturday,0,senior,off_peak
record_293,2023-11-17 09:07:19,Route_10,Station_23,6,rainy,Sunday,0,senior,peak
record_294,2024-02-09 00:07:19,Route_20,Station_20,11,clear,Saturday,0,regular,peak
record_295,2024-08-01 18:07:19,Route_18,Station_22,5,snowy,Wednesday,1,student,off_peak
record_296,2024-09-14 06:07:19,Route_3,Station_30,5,foggy,Sunday,1,senior,peak
record_297,2024-02-06 18:07:19,Route_17,Station_14,3,foggy,Monday,1,student,peak
record_298,2023-12-07 20:07:19,Route_6,Station_34,21,cloudy,Monday,0,student,off_peak
record_299,2024-05-09 13:07:19,Route_19,Station_31,22,snowy,Wednesday,1,monthly_pass,peak
record_300,2024-06-28 18:07:19,Route_19,Station_23,18,rainy,Sunday,1,senior,peak
record_301,2024-05-22 08:07:19,Route_5,Station_31,2,clear,Saturday,1,monthly_pass,peak
record_302,2024-07-18 11:07:19,Route_6,Station_7,7,clear,Thursday,1,regular,off_peak
record_303,2024-10-15 14:07:19,Route_20,Station_29,27,foggy,Tuesday,1,senior,off_peak
record_304,2024-06-24 00:07:19,Route_20,Station_47,4,foggy,Thursday,0,regular,peak
record_305,2023-12-20 13:07:19,Route_11,Station_45,20,clear,Friday,0,monthly_pass,off_peak
record_306,2024-03-08 02:07:19,Route_19,Station_29,6,foggy,Saturday,1,monthly_pass,peak
record_307,2023-12-09 21:07:19,Route_2,Station_21,17,clear,Monday,0,monthly_pass,peak
record_308,2024-07-19 17:07:19,Route_1,Station_5,3,cloudy,Wednesday,1,senior,peak
record_309,2023-11-06 03:07:19,Route_3,Station_20,20,rainy,Thursday,1,monthly_pass,peak
record_310,2024-02-17 03:07:19,Route_2,Station_3,13,snowy,Sunday,1,regular,off_peak
record_311,2024-06-25 11:07:19,Route_19,Station_46,5,cloudy,Friday,0,student,peak
record_312,2023-11-26 17:07:19,Route_9,Station_8,8,snowy,Friday,1,senior,peak
record_313,2024-10-25 12:07:19,Route_7,Station_2,7,clear,Monday,1,regular,off_peak
record_314,2024-03-24 08:07:19,Route_19,Station_22,5,rainy,Tuesday,0,senior,peak
record_315,2024-07-28 17:07:19,Route_14,Station_42,4,cloudy,Tuesday,1,monthly_pass,off_peak
record_316,2024-02-05 01:07:19,Route_20,Station_7,6,foggy,Friday,0,senior,peak
record_317,2024-10-01 22:07:19,Route_1,Station_44,23,snowy,Thursday,1,monthly_pass,peak
record_318,2024-06-22 12:07:19,Route_16,Station_11,5,snowy,Friday,0,regular,peak
record_319,2024-03-08 11:07:19,Route_18,Station_48,4,foggy,Saturday,1,regular,peak
record_320,2024-03-03 18:07:19,Route_10,Station_16,4,cloudy,Monday,0,student,peak
record_321,2024-01-29 22:07:19,Route_10,Station_34,2,foggy,Monday,1,monthly_pass,off_peak
record_322,2023-12-28 05:07:19,Route_16,Station_12,7,snowy,Tuesday,0,student,peak
record_323,2024-03-14 20:07:19,Route_8,Station_36,6,foggy,Friday,0,regular,peak
record_324,2024-02-12 02:07:19,Route_13,Station_11,6,snowy,Wednesday,1,monthly_pass,peak
record_325,2024-01-21 01:07:19,Route_10,Station_22,7,cloudy,Wednesday,0,student,off_peak
record_326,2024-08-06 16:07:19,Route_15,Station_36,28,rainy,Thursday,0,senior,peak
record_327,2024-02-27 01:07:19,Route_3,Station_28,25,cloudy,Thursday,1,senior,off_peak
record_328,2024-06-17 08:07:19,Route_2,Station_30,3,foggy,Saturday,1,regular,peak
record_329,2023-12-06 07:07:19,Route_6,Station_15,4,foggy,Tuesday,0,regular,off_peak
record_330,2024-02-04 00:07:19,Route_15,Station_26,4,cloudy,Monday,0,student,off_peak
record_331,2023-12-12 08:07:19,Route_14,Station_41,8,rainy,Wednesday,0,student,peak
record_332,2024-06-09 01:07:19,Route_16,Station_12,5,snowy,Saturday,0,student,off_peak
record_333,2024-09-17 17:07:19,Route_15,Station_12,5,foggy,Wednesday,1,monthly_pass,off_peak
record_334,2024-06-03 08:07:19,Route_7,Station_41,6,foggy,Wednesday,1,senior,peak
record_335,2024-06-10 05:07:19,Route_11,Station_43,7,cloudy,Saturday,0,monthly_pass,off_peak
record_336,2024-05-16 22:07:19,Route_20,Station_28,2,snowy,Wednesday,1,monthly_pass,peak
record_337,2024-09-16 11:07:19,Route_5,Station_26,1,snowy,Tuesday,0,student,peak
record_338,2024-08-11 08:07:19,Route_11,Station_2,7,foggy,Friday,0,senior,peak
record_339,2024-04-13 17:07:19,Route_11,Station_48,5,snowy,Wednesday,0,student,peak
record_340,2024-08-09 17:07:19,Route_12,Station_40,4,cloudy,Sunday,1,senior,peak
record_341,2024-07-10 13:07:19,Route_13,Station_13,4,rainy,Monday,1,senior,peak
record_342,2024-03-29 02:07:19,Route_5,Station_29,3,clear,Saturday,0,student,off_peak
record_343,2024-05-10 22:07:19,Route_12,Station_38,25,rainy,Wednesday,1,regular,off_peak
record_344,2024-03-03 02:07:19,Route_17,Station_28,4,cloudy,Thursday,1,monthly_pass,off_peak
record_345,2024-09-26 09:07:19,Route_18,Station_25,7,rainy,Sunday,0,senior,off_peak
record_346,2024-03-26 03:07:19,Route_4,Station_1,1,clear,Monday,1,student,peak
record_347,2024-01-01 17:07:19,Route_11,Station_46,20,rainy,Friday,1,monthly_pass,peak
record_348,2024-10-16 21:07:19,Route_8,Station_14,17,foggy,Wednesday,1,monthly_pass,peak
record_349,2024-04-16 00:07:19,Route_15,Station_14,3,cloudy,Tuesday,1,student,off_peak
record_350,2024-10-24 04:07:19,Route_4,Station_18,20,snowy,Tuesday,0,regular,peak
record_351,2024-05-28 03:07:19,Route_9,Station_49,5,foggy,Wednesday,0,regular,off_peak
record_352,2024-03-26 22:07:19,Route_15,Station_46,6,foggy,Thursday,0,student,peak
record_353,2024-01-21 20:07:19,Route_8,Station_5,8,clear,Saturday,1,regular,peak
record_354,2024-07-07 00:07:19,Route_5,Station_37,7,rainy,Tuesday,1,monthly_pass,off_peak
record_355,2024-07-07 07:07:19,Route_4,Station_7,5,cloudy,Monday,0,student,peak
record_356,2024-03-18 00:07:19,Route_2,Station_35,12,clear,Saturday,1,senior,off_peak
record_357,2024-10-13 03:07:19,Route_10,Station_12,3,clear,Thursday,1,student,peak
record_358,2024-05-07 18:07:19,Route_13,Station_24,17,rainy,Friday,1,regular,peak
record_359,2023-11-15 03:07:19,Route_20,Station_21,4,cloudy,Saturday,1,monthly_pass,off_peak
record_360,2024-08-04 01:07:19,Route_14,Station_13,22,foggy,Friday,0,monthly_pass,peak
record_361,2024-08-22 20:07:19,Route_8,Station_30,1,cloudy,Sunday,0,senior,peak
record_362,2024-01-28 15:07:19,Route_6,Station_8,5,clear,Saturday,1,student,off_peak
record_363,2024-04-08 21:07:19,Route_11,Station_17,5,clear,Saturday,1,regular,off_peak
record_364,2024-01-12 18:07:19,Route_19,Station_43,5,snowy,Tuesday,0,senior,off_peak
record_365,2024-10-14 13:07:19,Route_11,Station_32,7,rainy,Thursday,1,student,off_peak
record_366,2023-12-03 02:07:19,Route_7,Station_34,18,snowy,Tuesday,1,regular,peak
record_367,2024-08-19 01:07:19,Route_6,Station_41,5,clear,Friday,0,regular,off_peak
record_368,2024-07-26 14:07:19,Route_16,Station_21,10,foggy,Tuesday,0,monthly_pass,off_peak
record_369,2024-06-16 03:07:19,Route_17,Station_39,23,clear,Thursday,0,monthly_pass,off_peak
record_370,2024-05-13 09:07:19,Route_15,Station_25,22,cloudy,Wednesday,1,monthly_pass,off_peak
record_371,2024-03-09 05:07:19,Route_16,Station_40,4,cloudy,Friday,0,regular,off_peak
record_372,2024-05-08 03:07:19,Route_10,Station_26,6,foggy,Wednesday,1,student,off_peak
record_373,2024-06-07 02:07:19,Route_16,Station_38,9,foggy,Thursday,1,student,off_peak
record_374,2024-06-20 13:07:19,Route_1,Station_8,1,snowy,Friday,0,student,peak
record_375,2024-03-01 15:07:19,Route_3,Station_23,5,foggy,Tuesday,1,senior,peak
record_376,2024-01-25 14:07:19,Route_13,Station_23,16,clear,Tuesday,1,senior,peak
record_377,2024-05-01 08:07:19,Route_17,Station_30,23,rainy,Saturday,0,monthly_pass,peak
record_378,2023-11-30 13:07:19,Route_15,Station_40,4,cloudy,Tuesday,1,monthly_pass,off_peak
record_379,2023-11-29 14:07:19,Route_8,Station_12,3,cloudy,Friday,0,student,peak
record_380,2024-10-12 08:07:19,Route_7,Station_44,31,clear,Friday,0,monthly_pass,off_peak
record_381,2024-07-17 15:07:19,Route_19,Station_46,18,rainy,Saturday,0,student,peak
record_382,2023-12-14 11:07:19,Route_12,Station_20,8,foggy,Sunday,0,student,off_peak
record_383,2024-06-27 11:07:19,Route_2,Station_40,2,snowy,Tuesday,0,senior,off_peak
record_384,2024-02-27 18:07:19,Route_2,Station_38,22,rainy,Sunday,0,student,off_peak
record_385,2024-08-29 21:07:19,Route_10,Station_6,5,clear,Tuesday,1,monthly_pass,peak
record_386,2024-07-08 01:07:19,Route_16,Station_44,8,foggy,Wednesday,1,student,off_peak
record_387,2023-11-04 07:07:19,Route_20,Station_9,12,foggy,Saturday,0,monthly_pass,off_peak
record_388,2024-04-22 10:07:19,Route_16,Station_21,6,foggy,Saturday,1,student,peak
record_389,2023-12-21 20:07:19,Route_10,Station_8,3,rainy,Friday,1,regular,peak
record_390,2024-08-30 10:07:19,Route_18,Station_16,8,foggy,Tuesday,1,senior,peak
record_391,2024-05-21 12:07:19,Route_1,Station_20,6,rainy,Thursday,0,senior,off_peak
record_392,2024-01-05 15:07:19,Route_4,Station_8,2,clear,Sunday,0,student,off_peak
record_393,2024-05-20 21:07:19,Route_14,Station_12,6,snowy,Tuesday,1,monthly_pass,off_peak
record_394,2023-11-16 03:07:19,Route_5,Station_24,6,rainy,Saturday,0,student,peak
record_395,2024-04-06 17:07:19,Route_9,Station_45,20,clear,Friday,1,senior,peak
record_396,2024-07-18 13:07:19,Route_12,Station_10,5,rainy,Tuesday,0,monthly_pass,off_peak
record_397,2023-12-28 17:07:19,Route_13,Station_33,3,clear,Wednesday,1,regular,off_peak
record_398,2023-12-11 08:07:19,Route_12,Station_25,4,snowy,Monday,0,regular,off_peak
record_399,2024-09-04 17:07:19,Route_2,Station_27,17,cloudy,Friday,0,monthly_pass,off_peak
record_400,2024-05-25 18:07:19,Route_13,Station_39,4,snowy,Friday,1,student,off_peak
record_401,2023-12-25 12:07:19,Route_2,Station_9,3,cloudy,Saturday,0,senior,off_peak
record_402,2024-01-12 14:07:19,Route_19,Station_37,3,cloudy,Monday,0,monthly_pass,off_peak
record_403,2024-05-02 22:07:19,Route_18,Station_25,6,foggy,Tuesday,0,student,off_peak
record_404,2024-03-21 18:07:19,Route_7,Station_28,6,rainy,Wednesday,0,monthly_pass,off_peak
record_405,2024-04-21 13:07:19,Route_12,Station_12,4,foggy,Sunday,0,monthly_pass,off_peak
record_406,2024-02-10 19:07:19,Route_18,Station_32,16,clear,Tuesday,1,senior,off_peak
record_407,2024-05-06 15:07:19,Route_10,Station_41,25,clear,Saturday,0,regular,off_peak
record_408,2024-03-26 00:07:19,Route_3,Station_35,4,clear,Monday,1,regular,peak
record_409,2024-09-03 02:07:19,Route_13,Station_45,5,foggy,Sunday,0,regular,peak
record_410,2024-04-24 19:07:19,Route_17,Station_42,7,snowy,Wednesday,0,regular,off_peak
record_411,2024-03-05 17:07:19,Route_15,Station_12,5,foggy,Thursday,0,senior,peak
record_412,2024-08-10 02:07:19,Route_18,Station_36,4,foggy,Thursday,0,student,off_peak
record_413,2024-07-28 16:07:19,Route_9,Station_11,8,snowy,Wednesday,0,monthly_pass,peak
record_414,2024-02-02 19:07:19,Route_20,Station_32,5,snowy,Thursday,0,senior,off_peak
record_415,2024-06-10 20:07:19,Route_20,Station_19,7,snowy,Saturday,1,regular,peak
record_416,2024-01-26 00:07:19,Route_4,Station_9,24,rainy,Sunday,0,regular,off_peak
record_417,2024-03-03 02:07:19,Route_5,Station_12,8,foggy,Saturday,1,senior,peak
record_418,2023-12-29 07:07:19,Route_4,Station_21,5,rainy,Saturday,0,monthly_pass,off_peak
record_419,2024-05-15 08:07:19,Route_13,Station_29,5,cloudy,Wednesday,0,senior,peak
record_420,2024-09-13 07:07:19,Route_12,Station_40,8,cloudy,Tuesday,0,monthly_pass,peak
record_421,2024-03-11 08:07:19,Route_11,Station_4,19,foggy,Sunday,0,senior,peak
record_422,2024-03-03 21:07:19,Route_18,Station_23,2,clear,Tuesday,1,student,peak
record_423,2023-12-19 18:07:19,Route_12,Station_1,25,snowy,Monday,0,regular,off_peak
record_424,2024-04-16 05:07:19,Route_5,Station_32,7,rainy,Tuesday,0,student,peak
record_425,2024-10-13 00:07:19,Route_7,Station_9,4,cloudy,Tuesday,0,senior,peak
record_426,2024-05-14 10:07:19,Route_20,Station_13,3,foggy,Monday,1,student,off_peak
record_427,2024-02-21 09:07:19,Route_17,Station_25,8,clear,Sunday,1,monthly_pass,peak
record_428,2024-04-29 07:07:19,Route_13,Station_36,4,foggy,Friday,1,senior,off_peak
record_429,2024-05-06 07:07:19,Route_17,Station_33,7,clear,Friday,1,monthly_pass,off_peak
record_430,2023-12-26 17:07:19,Route_2,Station_42,2,foggy,Wednesday,0,student,off_peak
record_431,2024-06-07 22:07:19,Route_2,Station_32,24,snowy,Friday,0,regular,off_peak
record_432,2024-10-21 23:07:19,Route_2,Station_27,5,snowy,Friday,1,senior,peak
record_433,2024-07-22 13:07:19,Route_5,Station_44,6,clear,Friday,0,monthly_pass,peak
record_434,2024-06-25 16:07:19,Route_11,Station_32,5,foggy,Tuesday,0,student,off_peak
record_435,2024-04-02 00:07:19,Route_16,Station_27,6,snowy,Friday,0,senior,peak
record_436,2024-01-17 08:07:19,Route_17,Station_46,25,foggy,Tuesday,1,regular,off_peak
record_437,2023-11-09 00:07:19,Route_15,Station_29,4,foggy,Tuesday,0,senior,off_peak
record_438,2023-12-01 17:07:19,Route_5,Station_32,1,snowy,Saturday,0,regular,off_peak
record_439,2024-02-19 01:07:19,Route_20,Station_11,5,cloudy,Monday,1,student,off_peak
record_440,2024-10-19 13:07:19,Route_17,Station_6,6,cloudy,Wednesday,0,monthly_pass,off_peak
record_441,2024-05-30 08:07:19,Route_5,Station_37,3,foggy,Monday,1,senior,peak
record_442,2024-04-02 17:07:19,Route_11,Station_2,7,cloudy,Saturday,0,senior,off_peak
record_443,2024-06-25 06:07:19,Route_20,Station_49,22,rainy,Sunday,1,monthly_pass,peak
record_444,2023-11-22 21:07:19,Route_11,Station_15,8,snowy,Thursday,0,senior,off_peak
record_445,2024-04-22 00:07:19,Route_6,Station_19,19,cloudy,Tuesday,1,senior,peak
record_446,2024-01-17 23:07:19,Route_13,Station_3,5,cloudy,Friday,0,senior,peak
record_447,2024-05-04 02:07:19,Route_20,Station_18,8,foggy,Sunday,0,senior,peak
record_448,2024-01-20 05:07:19,Route_10,Station_15,16,clear,Friday,0,monthly_pass,off_peak
record_449,2024-04-29 17:07:19,Route_19,Station_35,2,cloudy,Thursday,0,student,peak
record_450,2024-03-09 07:07:19,Route_11,Station_19,5,clear,Saturday,1,senior,off_peak
record_451,2024-05-24 07:07:19,Route_17,Station_11,3,snowy,Saturday,0,monthly_pass,off_peak
record_452,2024-07-01 12:07:19,Route_17,Station_50,8,clear,Wednesday,0,student,off_peak
record_453,2024-07-21 05:07:19,Route_18,Station_30,18,cloudy,Tuesday,1,monthly_pass,peak
record_454,2024-08-26 16:07:19,Route_16,Station_37,21,rainy,Sunday,0,regular,off_peak
record_455,2024-01-26 17:07:19,Route_19,Station_48,4,rainy,Thursday,0,student,peak
record_456,2024-07-25 09:07:19,Route_10,Station_50,5,snowy,Thursday,0,student,off_peak
record_457,2024-07-08 16:07:19,Route_16,Station_50,4,cloudy,Thursday,0,regular,off_peak
record_458,2024-02-23 07:07:19,Route_1,Station_32,8,snowy,Tuesday,0,student,peak
record_459,2023-12-30 23:07:19,Route_12,Station_36,3,foggy,Tuesday,1,student,off_peak
record_460,2023-12-27 06:07:19,Route_11,Station_33,21,foggy,Tuesday,1,regular,off_peak
record_461,2024-09-06 09:07:19,Route_4,Station_8,4,clear,Tuesday,1,monthly_pass,peak
record_462,2024-05-29 08:07:19,Route_14,Station_37,3,snowy,Monday,0,senior,off_peak
record_463,2024-04-26 10:07:19,Route_19,Station_8,6,rainy,Thursday,0,student,peak
record_464,2024-05-26 15:07:19,Route_10,Station_18,7,snowy,Sunday,0,monthly_pass,peak
record_465,2023-10-30 22:07:19,Route_1,Station_50,2,clear,Monday,1,monthly_pass,off_peak
record_466,2024-08-24 07:07:19,Route_20,Station_35,4,cloudy,Wednesday,1,regular,peak
record_467,2024-10-04 14:07:19,Route_16,Station_24,6,snowy,Thursday,1,monthly_pass,off_peak
record_468,2024-01-18 06:07:19,Route_9,Station_35,7,clear,Tuesday,0,regular,off_peak
record_469,2023-11-05 11:07:19,Route_19,Station_49,9,foggy,Saturday,0,monthly_pass,off_peak
record_470,2023-12-06 00:07:19,Route_19,Station_3,4,rainy,Saturday,0,senior,peak
record_471,2024-09-05 15:07:19,Route_8,Station_49,1,cloudy,Tuesday,0,monthly_pass,off_peak
record_472,2024-01-08 06:07:19,Route_2,Station_47,22,snowy,Sunday,1,monthly_pass,off_peak
record_473,2024-03-01 00:07:19,Route_19,Station_29,3,snowy,Tuesday,0,monthly_pass,off_peak
record_474,2024-03-16 05:07:19,Route_16,Station_35,7,rainy,Monday,1,regular,off_peak
record_475,2024-07-25 14:07:19,Route_6,Station_14,20,foggy,Tuesday,1,student,off_peak
record_476,2024-06-20 00:07:19,Route_17,Station_28,18,snowy,Thursday,1,regular,peak
record_477,2024-08-30 13:07:19,Route_20,Station_7,15,rainy,Sunday,0,senior,peak
record_478,2024-04-05 00:07:19,Route_13,Station_48,6,rainy,Friday,0,regular,peak
record_479,2024-09-19 21:07:19,Route_5,Station_42,8,cloudy,Thursday,0,student,peak
record_480,2023-12-09 18:07:19,Route_8,Station_49,7,rainy,Saturday,0,senior,off_peak
record_481,2024-09-30 11:07:19,Route_2,Station_16,2,rainy,Wednesday,0,student,off_peak
record_482,2024-08-11 21:07:19,Route_19,Station_20,18,rainy,Sunday,1,student,off_peak
record_483,2024-05-25 13:07:19,Route_4,Station_3,5,snowy,Thursday,0,senior,peak
record_484,2024-06-22 12:07:19,Route_7,Station_29,8,rainy,Tuesday,1,student,off_peak
record_485,2024-01-16 02:07:19,Route_1,Station_17,3,rainy,Thursday,0,regular,peak
record_486,2023-12-21 20:07:19,Route_15,Station_23,8,rainy,Thursday,1,student,off_peak
record_487,2023-12-16 08:07:19,Route_11,Station_6,7,rainy,Sunday,0,monthly_pass,peak
record_488,2024-02-03 03:07:19,Route_14,Station_29,6,foggy,Monday,0,regular,off_peak
record_489,2024-03-11 01:07:19,Route_5,Station_8,10,snowy,Friday,0,student,peak
record_490,2024-05-27 21:07:19,Route_14,Station_50,5,rainy,Saturday,0,monthly_pass,off_peak
record_491,2024-03-22 06:07:19,Route_7,Station_16,5,clear,Sunday,1,regular,off_peak
record_492,2024-01-09 20:07:19,Route_14,Station_14,5,clear,Thursday,1,senior,off_peak
record_493,2024-09-26 20:07:19,Route_17,Station_48,5,clear,Saturday,0,regular,peak
record_494,2024-09-07 09:07:19,Route_20,Station_38,4,cloudy,Wednesday,0,senior,peak
record_495,2023-12-12 09:07:19,Route_16,Station_45,23,foggy,Thursday,0,regular,peak
record_496,2024-06-13 18:07:19,Route_2,Station_23,8,clear,Friday,0,monthly_pass,peak
record_497,2024-09-16 10:07:19,Route_5,Station_46,20,foggy,Saturday,1,senior,peak
record_498,2024-06-27 10:07:19,Route_17,Station_40,3,clear,Friday,1,regular,off_peak
record_499,2024-01-19 13:07:19,Route_7,Station_41,30,cloudy,Friday,0,senior,peak
record_500,2024-08-08 15:07:19,Route_18,Station_28,4,snowy,Friday,1,student,peak
record_501,2024-04-01 01:07:19,Route_11,Station_11,24,foggy,Friday,1,regular,peak
record_502,2023-11-09 20:07:19,Route_16,Station_40,1,snowy,Saturday,1,regular,peak
record_503,2024-03-01 06:07:19,Route_17,Station_9,19,cloudy,Saturday,1,monthly_pass,off_peak
record_504,2024-10-11 08:07:19,Route_13,Station_14,6,foggy,Sunday,0,monthly_pass,off_peak
record_505,2024-06-01 17:07:19,Route_11,Station_14,7,snowy,Monday,0,monthly_pass,peak
record_506,2024-06-04 17:07:19,Route_6,Station_4,5,cloudy,Friday,0,senior,peak
record_507,2024-03-09 13:07:19,Route_15,Station_37,22,rainy,Monday,0,regular,off_peak
record_508,2023-11-11 08:07:19,Route_18,Station_23,7,foggy,Thursday,0,senior,peak
record_509,2024-06-13 19:07:19,Route_11,Station_35,4,snowy,Thursday,0,regular,off_peak
record_510,2023-12-30 18:07:19,Route_18,Station_18,2,cloudy,Sunday,1,monthly_pass,peak
record_511,2024-07-18 02:07:19,Route_12,Station_39,2,rainy,Monday,0,senior,off_peak
record_512,2024-08-29 22:07:19,Route_9,Station_35,23,foggy,Tuesday,0,student,peak
record_513,2024-07-03 19:07:19,Route_20,Station_11,1,rainy,Friday,0,student,peak
record_514,2024-08-12 07:07:19,Route_16,Station_21,3,clear,Friday,1,regular,off_peak
record_515,2024-08-16 13:07:19,Route_7,Station_46,8,foggy,Thursday,1,senior,off_peak
record_516,2024-09-27 10:07:19,Route_8,Station_19,6,cloudy,Saturday,1,senior,off_peak
record_517,2024-05-22 20:07:19,Route_9,Station_19,0,cloudy,Monday,0,regular,peak
record_518,2024-01-10 06:07:19,Route_18,Station_37,8,foggy,Friday,1,regular,peak
record_519,2024-03-17 12:07:19,Route_10,Station_18,5,clear,Thursday,0,monthly_pass,peak
record_520,2024-03-01 17:07:19,Route_8,Station_33,4,foggy,Friday,0,regular,off_peak
record_521,2024-05-24 17:07:19,Route_10,Station_44,5,snowy,Sunday,1,monthly_pass,off_peak
record_522,2024-04-04 07:07:19,Route_10,Station_7,7,cloudy,Saturday,0,senior,peak
record_523,2024-02-13 22:07:19,Route_7,Station_9,6,rainy,Monday,0,student,off_peak
record_524,2024-02-18 01:07:19,Route_16,Station_49,3,cloudy,Tuesday,0,student,peak
record_525,2024-09-15 20:07:19,Route_11,Station_27,4,clear,Wednesday,1,monthly_pass,peak
record_526,2024-10-07 02:07:19,Route_16,Station_4,2,foggy,Thursday,0,regular,peak
record_527,2024-05-14 20:07:19,Route_12,Station_18,4,cloudy,Thursday,1,regular,off_peak
record_528,2024-06-21 15:07:19,Route_18,Station_42,1,snowy,Wednesday,0,student,off_peak
record_529,2024-09-11 08:07:19,Route_9,Station_9,9,clear,Sunday,0,student,off_peak
record_530,2023-11-16 21:07:19,Route_10,Station_45,3,clear,Sunday,1,monthly_pass,peak
record_531,2024-01-01 15:07:19,Route_4,Station_9,1,rainy,Wednesday,1,monthly_pass,off_peak
record_532,2023-11-18 07:07:19,Route_19,Station_16,17,cloudy,Thursday,0,senior,peak
record_533,2024-01-06 14:07:19,Route_18,Station_10,3,foggy,Tuesday,1,student,off_peak
record_534,2024-07-30 00:07:19,Route_13,Station_46,4,clear,Thursday,0,regular,off_peak
record_535,2024-02-04 19:07:19,Route_13,Station_21,6,snowy,Wednesday,0,senior,peak
record_536,2024-03-15 07:07:19,Route_12,Station_16,5,snowy,Friday,1,monthly_pass,peak
record_537,2024-07-26 21:07:19,Route_5,Station_49,8,foggy,Monday,0,monthly_pass,peak
record_538,2024-03-17 19:07:19,Route_10,Station_44,5,snowy,Saturday,1,senior,off_peak
record_539,2024-02-19 13:07:19,Route_2,Station_26,25,rainy,Friday,1,student,peak
record_540,2024-03-01 04:07:19,Route_10,Station_32,5,foggy,Tuesday,0,senior,off_peak
record_541,2024-04-01 05:07:19,Route_3,Station_10,4,snowy,Thursday,1,regular,peak
record_542,2024-05-15 18:07:19,Route_12,Station_37,1,rainy,Sunday,0,senior,off_peak
record_543,2024-09-04 10:07:19,Route_15,Station_41,5,snowy,Saturday,1,student,off_peak
record_544,2024-05-12 02:07:19,Route_9,Station_18,4,cloudy,Thursday,1,monthly_pass,off_peak
record_545,2023-11-07 00:07:19,Route_16,Station_41,3,foggy,Monday,0,monthly_pass,off_peak
record_546,2024-06-01 18:07:19,Route_7,Station_27,2,snowy,Saturday,1,monthly_pass,peak
record_547,2024-04-04 22:07:19,Route_7,Station_25,12,snowy,Friday,0,monthly_pass,peak
record_548,2024-10-09 01:07:19,Route_18,Station_29,5,rainy,Monday,0,senior,off_peak
record_549,2024-09-12 05:07:19,Route_9,Station_5,10,cloudy,Tuesday,0,monthly_pass,off_peak
record_550,2024-06-20 05:07:19,Route_18,Station_41,22,cloudy,Sunday,1,regular,off_peak
record_551,2024-08-29 03:07:19,Route_9,Station_50,4,rainy,Friday,0,monthly_pass,off_peak
record_552,2024-02-07 15:07:19,Route_5,Station_6,1,cloudy,Saturday,0,senior,off_peak
record_553,2023-11-25 22:07:19,Route_4,Station_26,6,snowy,Friday,1,student,peak
record_554,2024-03-05 02:07:19,Route_20,Station_33,2,snowy,Tuesday,1,monthly_pass,off_peak
record_555,2024-09-30 09:07:19,Route_19,Station_48,4,cloudy,Thursday,1,monthly_pass,peak
record_556,2024-02-05 04:07:19,Route_8,Station_18,18,snowy,Thursday,0,regular,peak
record_557,2023-12-14 00:07:19,Route_8,Station_45,30,cloudy,Wednesday,1,regular,off_peak
record_558,2023-12-12 01:07:19,Route_2,Station_24,6,rainy,Thursday,0,senior,off_peak
record_559,2024-10-01 09:07:19,Route_17,Station_30,13,foggy,Monday,1,monthly_pass,off_peak
record_560,2024-06-12 22:07:19,Route_8,Station_32,2,rainy,Tuesday,0,student,peak
record_561,2024-08-21 06:07:19,Route_8,Station_21,6,foggy,Thursday,0,student,peak
record_562,2024-03-16 17:07:19,Route_2,Station_38,20,rainy,Friday,0,monthly_pass,off_peak
record_563,2024-02-22 12:07:19,Route_4,Station_1,17,clear,Saturday,0,regular,peak
record_564,2024-10-12 19:07:19,Route_14,Station_50,9,snowy,Tuesday,1,senior,peak
record_565,2023-12-21 08:07:19,Route_11,Station_47,3,rainy,Thursday,1,monthly_pass,peak
record_566,2023-10-30 10:07:19,Route_16,Station_6,6,foggy,Monday,0,monthly_pass,off_peak
record_567,2024-05-20 22:07:19,Route_4,Station_47,7,cloudy,Wednesday,1,regular,off_peak
record_568,2024-10-19 22:07:19,Route_5,Station_30,1,cloudy,Wednesday,1,monthly_pass,peak
record_569,2024-04-02 13:07:19,Route_1,Station_41,1,rainy,Saturday,1,senior,peak
record_570,2024-07-04 12:07:19,Route_18,Station_43,4,rainy,Saturday,0,student,off_peak
record_571,2024-03-05 12:07:19,Route_6,Station_45,3,rainy,Saturday,1,student,off_peak
record_572,2023-12-01 11:07:19,Route_14,Station_23,8,cloudy,Sunday,0,senior,peak
record_573,2024-02-14 17:07:19,Route_16,Station_5,9,clear,Tuesday,0,student,off_peak
record_574,2024-05-30 23:07:19,Route_16,Station_35,22,rainy,Saturday,1,monthly_pass,peak
record_575,2023-11-01 07:07:19,Route_7,Station_26,6,cloudy,Saturday,1,senior,peak
record_576,2024-03-29 00:07:19,Route_10,Station_14,5,cloudy,Monday,0,regular,off_peak
record_577,2024-02-29 08:07:19,Route_11,Station_28,12,rainy,Monday,0,regular,off_peak
record_578,2024-03-07 22:07:19,Route_10,Station_14,24,foggy,Monday,0,regular,off_peak
record_579,2024-08-14 03:07:19,Route_2,Station_32,9,foggy,Saturday,1,regular,peak
record_580,2024-07-21 20:07:19,Route_3,Station_18,4,snowy,Thursday,0,monthly_pass,off_peak
record_581,2024-02-09 16:07:19,Route_19,Station_21,3,cloudy,Saturday,0,monthly_pass,peak
record_582,2024-08-19 13:07:19,Route_8,Station_19,6,snowy,Wednesday,1,regular,peak
record_583,2024-06-08 02:07:19,Route_18,Station_22,7,snowy,Monday,0,monthly_pass,off_peak
record_584,2024-05-05 23:07:19,Route_2,Station_36,6,foggy,Friday,1,senior,peak
record_585,2024-06-13 15:07:19,Route_6,Station_37,5,foggy,Saturday,1,senior,peak
record_586,2024-06-04 16:07:19,Route_14,Station_9,3,clear,Thursday,1,senior,off_peak
record_587,2024-05-27 21:07:19,Route_6,Station_37,5,cloudy,Saturday,0,regular,off_peak
record_588,2024-01-04 18:07:19,Route_2,Station_32,3,clear,Sunday,1,regular,off_peak
record_589,2024-02-20 11:07:19,Route_13,Station_22,3,rainy,Friday,1,regular,off_peak
record_590,2024-03-12 22:07:19,Route_16,Station_44,7,clear,Friday,0,monthly_pass,peak
record_591,2024-02-23 04:07:19,Route_6,Station_49,4,rainy,Tuesday,0,student,off_peak
record_592,2024-05-09 22:07:19,Route_10,Station_4,4,snowy,Thursday,0,student,peak
record_593,2024-01-23 03:07:19,Route_2,Station_3,6,cloudy,Friday,1,monthly_pass,peak
record_594,2024-03-08 05:07:19,Route_1,Station_7,6,clear,Thursday,0,regular,off_peak
record_595,2024-07-22 17:07:19,Route_10,Station_41,3,cloudy,Monday,0,regular,peak
record_596,2024-06-26 21:07:19,Route_19,Station_30,21,snowy,Sunday,1,monthly_pass,peak
record_597,2024-04-14 08:07:19,Route_20,Station_2,2,snowy,Tuesday,1,senior,off_peak
record_598,2024-03-31 14:07:19,Route_4,Station_8,6,snowy,Wednesday,0,senior,off_peak
record_599,2024-05-17 16:07:19,Route_11,Station_11,6,snowy,Friday,0,monthly_pass,off_peak
record_600,2024-02-27 17:07:19,Route_10,Station_29,6,foggy,Sunday,0,monthly_pass,off_peak
record_601,2024-04-15 03:07:19,Route_15,Station_30,6,foggy,Saturday,1,senior,peak
record_602,2023-11-22 19:07:19,Route_18,Station_1,3,snowy,Sunday,1,senior,peak
record_603,2024-08-11 00:07:19,Route_17,Station_28,5,snowy,Tuesday,0,student,peak
record_604,2024-10-09 11:07:19,Route_16,Station_13,2,clear,Tuesday,1,student,off_peak
record_605,2024-02-12 21:07:19,Route_5,Station_45,5,cloudy,Sunday,0,student,peak
record_606,2024-05-11 12:07:19,Route_17,Station_9,3,clear,Tuesday,1,regular,off_peak
record_607,2024-03-16 12:07:19,Route_15,Station_42,3,snowy,Tuesday,1,senior,off_peak
record_608,2024-02-01 01:07:19,Route_9,Station_20,5,foggy,Sunday,0,regular,peak
record_609,2024-10-19 16:07:19,Route_7,Station_11,11,rainy,Saturday,1,monthly_pass,peak
record_610,2024-08-15 02:07:19,Route_4,Station_18,7,foggy,Monday,0,regular,peak
record_611,2023-11-27 11:07:19,Route_11,Station_6,7,foggy,Thursday,1,regular,peak
record_612,2024-09-19 00:07:19,Route_6,Station_42,29,foggy,Wednesday,1,monthly_pass,peak
record_613,2024-06-14 05:07:19,Route_15,Station_24,3,rainy,Wednesday,0,regular,off_peak
record_614,2023-12-12 17:07:19,Route_9,Station_17,3,snowy,Saturday,0,regular,peak
record_615,2024-04-06 19:07:19,Route_6,Station_6,5,snowy,Sunday,1,student,off_peak
record_616,2024-09-16 05:07:19,Route_1,Station_24,15,snowy,Thursday,1,monthly_pass,peak
record_617,2023-11-16 22:07:19,Route_11,Station_43,12,foggy,Wednesday,0,monthly_pass,peak
record_618,2024-04-16 05:07:19,Route_10,Station_42,6,cloudy,Saturday,1,monthly_pass,peak
record_619,2023-12-11 17:07:19,Route_19,Station_11,6,cloudy,Tuesday,1,monthly_pass,off_peak
record_620,2024-02-20 22:07:19,Route_7,Station_4,8,clear,Monday,1,senior,peak
record_621,2024-10-08 20:07:19,Route_6,Station_26,8,cloudy,Tuesday,0,senior,off_peak
record_622,2024-09-22 08:07:19,Route_20,Station_41,4,foggy,Tuesday,0,monthly_pass,off_peak
record_623,2023-12-08 18:07:19,Route_13,Station_20,3,snowy,Monday,1,senior,peak
record_624,2024-06-02 08:07:19,Route_14,Station_47,0,cloudy,Friday,0,regular,peak
record_625,2024-09-11 02:07:19,Route_17,Station_45,4,rainy,Sunday,1,student,peak
record_626,2024-09-06 19:07:19,Route_11,Station_49,26,rainy,Wednesday,0,student,peak
record_627,2023-11-02 12:07:19,Route_3,Station_15,3,snowy,Monday,0,regular,off_peak
record_628,2024-03-14 10:07:19,Route_13,Station_28,3,cloudy,Thursday,1,student,peak
record_629,2023-11-07 06:07:19,Route_4,Station_42,6,foggy,Thursday,1,regular,peak
record_630,2024-10-13 14:07:19,Route_6,Station_6,7,foggy,Sunday,1,regular,off_peak
record_631,2024-05-14 14:07:19,Route_5,Station_46,3,cloudy,Thursday,0,student,off_peak
record_632,2024-05-30 04:07:19,Route_16,Station_7,4,clear,Friday,1,regular,off_peak
record_633,2024-04-19 02:07:19,Route_11,Station_1,27,clear,Sunday,1,student,peak
record_634,2024-08-14 08:07:19,Route_8,Station_14,2,rainy,Monday,0,monthly_pass,peak
record_635,2024-01-30 02:07:19,Route_1,Station_31,5,snowy,Friday,0,student,peak
record_636,2024-01-11 18:07:19,Route_9,Station_5,1,rainy,Thursday,0,student,off_peak
record_637,2024-07-27 10:07:19,Route_13,Station_9,9,snowy,Tuesday,0,monthly_pass,peak
record_638,2024-07-30 13:07:19,Route_8,Station_38,7,snowy,Tuesday,1,student,peak
record_639,2023-12-20 03:07:19,Route_15,Station_15,18,snowy,Friday,0,regular,off_peak
record_640,2023-12-14 18:07:19,Route_9,Station_34,3,snowy,Saturday,0,senior,peak
record_641,2024-06-26 00:07:19,Route_11,Station_44,6,foggy,Thursday,1,monthly_pass,peak
record_642,2024-01-03 11:07:19,Route_10,Station_29,3,cloudy,Thursday,0,student,peak
record_643,2024-07-01 01:07:19,Route_19,Station_1,4,snowy,Thursday,0,monthly_pass,peak
record_644,2023-12-06 07:07:19,Route_19,Station_1,3,cloudy,Thursday,1,monthly_pass,off_peak
record_645,2024-03-06 07:07:19,Route_1,Station_45,24,snowy,Monday,1,regular,peak
record_646,2023-11-21 15:07:19,Route_9,Station_22,7,foggy,Friday,1,regular,peak
record_647,2024-03-03 06:07:19,Route_12,Station_8,14,foggy,Friday,1,student,off_peak
record_648,2023-11-15 22:07:19,Route_8,Station_28,8,cloudy,Monday,1,student,peak
record_649,2024-08-08 13:07:19,Route_2,Station_45,7,cloudy,Tuesday,0,monthly_pass,peak
record_650,2024-03-15 04:07:19,Route_4,Station_9,16,rainy,Friday,0,monthly_pass,peak
record_651,2024-01-01 06:07:19,Route_15,Station_31,5,rainy,Wednesday,1,monthly_pass,peak
record_652,2023-12-05 02:07:19,Route_10,Station_5,6,clear,Friday,1,regular,peak
record_653,2023-11-09 07:07:19,Route_6,Station_15,23,rainy,Saturday,1,monthly_pass,peak
record_654,2024-03-08 06:07:19,Route_13,Station_25,6,rainy,Friday,1,student,peak
record_655,2024-07-18 03:07:19,Route_17,Station_6,7,snowy,Sunday,0,student,off_peak
record_656,2024-02-23 12:07:19,Route_10,Station_47,3,clear,Sunday,1,senior,peak
record_657,2024-06-28 03:07:19,Route_4,Station_7,3,rainy,Tuesday,1,monthly_pass,off_peak
record_658,2024-01-09 04:07:19,Route_10,Station_7,3,rainy,Monday,1,regular,off_peak
record_659,2024-01-07 06:07:19,Route_12,Station_21,9,cloudy,Tuesday,1,senior,peak
record_660,2023-11-04 06:07:19,Route_20,Station_24,18,clear,Tuesday,0,regular,peak
record_661,2024-10-15 18:07:19,Route_8,Station_20,4,clear,Monday,0,regular,off_peak
record_662,2024-04-08 07:07:19,Route_8,Station_9,2,clear,Saturday,1,monthly_pass,off_peak
record_663,2024-10-22 21:07:19,Route_5,Station_25,6,cloudy,Wednesday,0,monthly_pass,peak
record_664,2023-11-10 16:07:19,Route_16,Station_50,24,foggy,Monday,0,monthly_pass,peak
record_665,2024-10-01 20:07:19,Route_5,Station_49,5,clear,Tuesday,1,senior,peak
record_666,2024-02-16 06:07:19,Route_15,Station_9,8,clear,Sunday,0,regular,peak
record_667,2024-07-01 20:07:19,Route_20,Station_42,11,cloudy,Monday,1,monthly_pass,off_peak
record_668,2024-04-30 08:07:19,Route_12,Station_44,4,foggy,Saturday,0,monthly_pass,off_peak
record_669,2023-12-07 09:07:19,Route_14,Station_10,7,clear,Friday,0,monthly_pass,peak
record_670,2023-12-15 07:07:19,Route_18,Station_5,7,clear,Sunday,0,monthly_pass,peak
record_671,2023-11-14 16:07:19,Route_16,Station_34,21,snowy,Friday,1,student,off_peak
record_672,2023-11-24 18:07:19,Route_18,Station_37,31,foggy,Wednesday,0,regular,off_peak
record_673,2024-08-17 19:07:19,Route_7,Station_1,4,rainy,Wednesday,0,regular,peak
record_674,2024-09-07 19:07:19,Route_8,Station_40,28,clear,Monday,1,monthly_pass,off_peak
record_675,2023-12-02 14:07:19,Route_20,Station_42,3,cloudy,Monday,0,senior,peak
record_676,2024-05-22 01:07:19,Route_3,Station_11,6,snowy,Monday,0,regular,off_peak
record_677,2024-10-09 21:07:19,Route_17,Station_29,7,rainy,Thursday,0,senior,peak
record_678,2024-04-23 16:07:19,Route_15,Station_23,6,rainy,Tuesday,1,monthly_pass,peak
record_679,2024-08-21 13:07:19,Route_17,Station_47,5,snowy,Tuesday,1,monthly_pass,off_peak
record_680,2024-05-29 05:07:19,Route_12,Station_14,2,cloudy,Saturday,0,regular,off_peak
record_681,2024-03-29 10:07:19,Route_3,Station_41,3,rainy,Wednesday,1,monthly_pass,peak
record_682,2024-07-17 11:07:19,Route_19,Station_48,6,rainy,Friday,1,senior,peak
record_683,2024-01-25 04:07:19,Route_4,Station_10,4,foggy,Saturday,1,monthly_pass,peak
record_684,2024-01-29 23:07:19,Route_2,Station_27,3,rainy,Saturday,1,monthly_pass,off_peak
record_685,2024-06-10 10:07:19,Route_18,Station_40,16,clear,Saturday,0,regular,off_peak
record_686,2024-06-18 00:07:19,Route_17,Station_44,4,clear,Friday,1,student,off_peak
record_687,2024-05-28 16:07:19,Route_7,Station_29,5,snowy,Friday,0,senior,peak
record_688,2024-05-07 12:07:19,Route_19,Station_14,4,snowy,Sunday,0,student,peak
record_689,2024-03-02 13:07:19,Route_18,Station_6,4,cloudy,Friday,0,monthly_pass,off_peak
record_690,2024-08-16 08:07:19,Route_5,Station_7,8,cloudy,Tuesday,0,senior,peak
record_691,2023-11-15 16:07:19,Route_6,Station_9,8,foggy,Thursday,1,monthly_pass,off_peak
record_692,2023-11-17 03:07:19,Route_11,Station_49,7,snowy,Saturday,1,student,off_peak
record_693,2024-01-16 04:07:19,Route_17,Station_8,5,foggy,Friday,1,student,peak
record_694,2024-09-11 03:07:19,Route_15,Station_38,5,cloudy,Wednesday,1,senior,off_peak
record_695,2024-10-20 07:07:19,Route_4,Station_47,3,rainy,Monday,1,monthly_pass,peak
record_696,2024-01-27 12:07:19,Route_7,Station_25,14,foggy,Monday,1,student,off_peak
record_697,2024-03-09 04:07:19,Route_19,Station_23,6,rainy,Sunday,1,senior,off_peak
record_698,2023-11-17 16:07:19,Route_16,Station_28,22,foggy,Wednesday,1,monthly_pass,peak
record_699,2023-11-18 07:07:19,Route_3,Station_21,4,foggy,Wednesday,0,monthly_pass,off_peak
record_700,2024-01-02 03:07:19,Route_17,Station_9,7,cloudy,Wednesday,1,senior,peak
record_701,2023-12-06 04:07:19,Route_15,Station_16,3,foggy,Thursday,0,monthly_pass,off_peak
record_702,2024-09-01 18:07:19,Route_2,Station_18,16,cloudy,Sunday,1,student,off_peak
record_703,2024-06-30 00:07:19,Route_15,Station_42,27,foggy,Monday,0,student,peak
record_704,2024-10-14 20:07:19,Route_5,Station_6,19,foggy,Sunday,1,senior,peak
record_705,2024-01-14 05:07:19,Route_17,Station_16,6,snowy,Thursday,1,regular,peak
record_706,2023-12-20 08:07:19,Route_14,Station_36,2,snowy,Sunday,1,monthly_pass,peak
record_707,2023-12-01 13:07:19,Route_15,Station_39,6,cloudy,Friday,0,student,peak
record_708,2023-12-07 01:07:19,Route_19,Station_39,10,foggy,Monday,0,student,off_peak
record_709,2023-11-04 06:07:19,Route_2,Station_47,4,rainy,Wednesday,1,student,peak
record_710,2023-11-30 02:07:19,Route_18,Station_39,2,clear,Thursday,1,student,off_peak
record_711,2024-08-29 11:07:19,Route_15,Station_19,4,cloudy,Tuesday,1,monthly_pass,peak
record_712,2024-10-04 14:07:19,Route_10,Station_50,6,snowy,Monday,0,regular,peak
record_713,2024-05-25 00:07:19,Route_1,Station_45,5,snowy,Saturday,0,monthly_pass,peak
record_714,2024-08-29 12:07:19,Route_13,Station_2,5,cloudy,Sunday,1,monthly_pass,peak
record_715,2024-06-28 22:07:19,Route_9,Station_43,31,snowy,Wednesday,0,senior,off_peak
record_716,2024-08-19 03:07:19,Route_1,Station_20,9,rainy,Wednesday,0,student,off_peak
record_717,2024-03-09 04:07:19,Route_7,Station_14,23,snowy,Friday,0,student,off_peak
record_718,2023-11-18 16:07:19,Route_19,Station_34,4,clear,Thursday,0,regular,peak
record_719,2023-11-05 22:07:19,Route_3,Station_39,5,clear,Friday,0,regular,peak
record_720,2024-03-26 21:07:19,Route_2,Station_33,2,foggy,Tuesday,0,senior,off_peak
record_721,2024-08-09 02:07:19,Route_14,Station_13,4,rainy,Saturday,0,senior,peak
record_722,2023-11-27 12:07:19,Route_12,Station_48,10,snowy,Tuesday,1,senior,peak
record_723,2024-02-19 20:07:19,Route_3,Station_26,1,snowy,Friday,0,student,peak
record_724,2024-04-02 07:07:19,Route_18,Station_19,8,cloudy,Monday,1,student,off_peak
record_725,2024-10-10 17:07:19,Route_2,Station_42,3,foggy,Monday,1,regular,off_peak
record_726,2024-04-21 09:07:19,Route_3,Station_4,5,clear,Friday,1,regular,peak
record_727,2024-03-14 01:07:19,Route_16,Station_16,4,cloudy,Saturday,0,senior,off_peak
record_728,2024-06-29 04:07:19,Route_2,Station_32,11,cloudy,Saturday,0,monthly_pass,off_peak
record_729,2024-09-06 18:07:19,Route_10,Station_25,3,snowy,Friday,0,regular,peak
record_730,2024-04-21 22:07:19,Route_14,Station_8,4,clear,Monday,1,student,off_peak
record_731,2023-12-02 04:07:19,Route_6,Station_16,3,cloudy,Thursday,1,regular,off_peak
record_732,2024-09-26 03:07:19,Route_5,Station_32,3,snowy,Saturday,0,student,peak
record_733,2024-06-08 09:07:19,Route_14,Station_41,21,foggy,Saturday,1,monthly_pass,peak
record_734,2024-08-26 01:07:19,Route_12,Station_39,7,rainy,Friday,1,senior,off_peak
record_735,2024-09-10 18:07:19,Route_13,Station_5,3,clear,Sunday,0,senior,off_peak
record_736,2024-07-10 19:07:19,Route_15,Station_34,7,foggy,Saturday,1,senior,peak
record_737,2023-12-04 20:07:19,Route_13,Station_1,4,snowy,Wednesday,0,regular,peak
record_738,2024-10-17 14:07:19,Route_13,Station_24,7,rainy,Thursday,0,senior,peak
record_739,2024-05-10 08:07:19,Route_3,Station_21,6,cloudy,Friday,1,student,peak
record_740,2024-08-23 21:07:19,Route_18,Station_9,2,foggy,Sunday,1,regular,peak
record_741,2024-07-14 13:07:19,Route_5,Station_25,5,cloudy,Wednesday,0,regular,off_peak
record_742,2024-01-18 09:07:19,Route_12,Station_37,5,cloudy,Wednesday,1,monthly_pass,off_peak
record_743,2024-01-01 09:07:19,Route_4,Station_27,7,rainy,Friday,1,monthly_pass,peak
record_744,2024-06-30 05:07:19,Route_6,Station_24,5,rainy,Friday,0,regular,off_peak
record_745,2024-08-12 20:07:19,Route_18,Station_35,4,cloudy,Friday,0,regular,peak
record_746,2024-10-26 07:07:19,Route_13,Station_44,5,cloudy,Wednesday,1,regular,peak
record_747,2024-08-14 11:07:19,Route_17,Station_12,16,rainy,Tuesday,1,regular,off_peak
record_748,2024-01-25 07:07:19,Route_5,Station_49,28,snowy,Friday,1,regular,peak
record_749,2024-07-30 12:07:19,Route_8,Station_31,9,clear,Friday,1,student,peak
record_750,2023-11-24 15:07:19,Route_1,Station_50,8,cloudy,Thursday,0,regular,peak
record_751,2024-08-21 15:07:19,Route_1,Station_5,4,rainy,Friday,1,student,peak
record_752,2024-04-27 08:07:19,Route_10,Station_2,1,foggy,Saturday,1,senior,peak
record_753,2023-12-31 05:07:19,Route_15,Station_38,10,foggy,Saturday,0,student,peak
record_754,2024-10-19 10:07:19,Route_18,Station_5,5,snowy,Thursday,1,senior,peak
record_755,2024-06-14 14:07:19,Route_14,Station_1,5,snowy,Thursday,0,monthly_pass,peak
record_756,2024-08-23 16:07:19,Route_18,Station_17,3,foggy,Sunday,0,monthly_pass,peak
record_757,2024-03-25 23:07:19,Route_13,Station_14,4,snowy,Tuesday,0,regular,peak
record_758,2024-08-29 16:07:19,Route_8,Station_3,2,cloudy,Friday,1,student,peak
record_759,2024-09-25 00:07:19,Route_8,Station_4,2,rainy,Tuesday,0,senior,off_peak
record_760,2024-03-12 04:07:19,Route_15,Station_26,14,clear,Saturday,1,senior,off_peak
record_761,2024-02-07 21:07:19,Route_12,Station_33,4,rainy,Wednesday,0,student,off_peak
record_762,2024-09-02 01:07:19,Route_5,Station_19,2,rainy,Tuesday,1,regular,peak
record_763,2024-02-13 08:07:19,Route_9,Station_41,1,snowy,Monday,1,student,peak
record_764,2023-12-18 14:07:19,Route_7,Station_46,3,clear,Monday,0,monthly_pass,peak
record_765,2023-11-24 23:07:19,Route_4,Station_33,7,cloudy,Monday,1,monthly_pass,off_peak
record_766,2024-05-26 01:07:19,Route_2,Station_50,5,foggy,Thursday,0,regular,peak
record_767,2023-12-03 15:07:19,Route_14,Station_27,16,cloudy,Saturday,0,student,peak
record_768,2024-09-26 00:07:19,Route_20,Station_28,28,snowy,Sunday,0,monthly_pass,off_peak
record_769,2024-04-05 02:07:19,Route_1,Station_45,4,foggy,Monday,1,senior,off_peak
record_770,2023-11-11 12:07:19,Route_8,Station_26,4,cloudy,Saturday,0,senior,off_peak
record_771,2024-02-18 17:07:19,Route_7,Station_6,6,rainy,Sunday,0,student,peak
record_772,2024-03-14 13:07:19,Route_3,Station_41,3,snowy,Tuesday,0,regular,off_peak
record_773,2024-09-16 05:07:19,Route_4,Station_35,22,clear,Sunday,1,senior,off_peak
record_774,2023-12-21 11:07:19,Route_20,Station_35,3,rainy,Friday,0,senior,peak
record_775,2024-09-24 11:07:19,Route_2,Station_40,6,clear,Thursday,1,monthly_pass,off_peak
record_776,2024-06-08 20:07:19,Route_15,Station_10,6,foggy,Thursday,0,senior,off_peak
record_777,2023-12-07 21:07:19,Route_20,Station_18,4,clear,Monday,1,student,off_peak
record_778,2024-01-20 17:07:19,Route_2,Station_6,24,rainy,Wednesday,1,student,peak
record_779,2024-05-14 03:07:19,Route_8,Station_20,21,clear,Wednesday,0,monthly_pass,off_peak
record_780,2023-12-26 23:07:19,Route_2,Station_6,5,snowy,Friday,1,student,off_peak
record_781,2024-05-30 01:07:19,Route_13,Station_33,8,snowy,Sunday,1,student,off_peak
record_782,2024-02-11 20:07:19,Route_15,Station_14,25,rainy,Saturday,0,monthly_pass,off_peak
record_783,2024-03-21 12:07:19,Route_8,Station_10,7,cloudy,Tuesday,1,monthly_pass,peak
record_784,2023-11-03 12:07:19,Route_18,Station_35,7,clear,Monday,1,monthly_pass,off_peak
record_785,2023-11-26 19:07:19,Route_7,Station_21,6,rainy,Saturday,1,monthly_pass,peak
record_786,2024-01-18 16:07:19,Route_2,Station_26,4,clear,Tuesday,1,senior,off_peak
record_787,2024-07-09 02:07:19,Route_5,Station_38,3,rainy,Saturday,0,regular,off_peak
record_788,2024-03-10 08:07:19,Route_17,Station_41,6,clear,Wednesday,1,monthly_pass,peak
record_789,2024-03-30 05:07:19,Route_10,Station_49,12,cloudy,Wednesday,1,student,off_peak
record_790,2024-03-09 03:07:19,Route_8,Station_42,3,rainy,Sunday,1,regular,peak
record_791,2024-03-28 16:07:19,Route_19,Station_44,4,snowy,Monday,1,regular,peak
record_792,2024-09-09 05:07:19,Route_11,Station_42,26,cloudy,Wednesday,1,regular,off_peak
record_793,2024-03-23 05:07:19,Route_19,Station_5,21,snowy,Wednesday,0,senior,off_peak
record_794,2023-11-22 07:07:19,Route_20,Station_20,1,cloudy,Friday,0,senior,off_peak
record_795,2024-04-19 11:07:19,Route_11,Station_45,6,snowy,Friday,1,monthly_pass,off_peak
record_796,2023-11-11 00:07:19,Route_8,Station_28,20,cloudy,Wednesday,1,student,off_peak
record_797,2024-09-23 13:07:19,Route_10,Station_47,22,clear,Sunday,1,monthly_pass,off_peak
record_798,2024-09-14 13:07:19,Route_5,Station_16,2,snowy,Monday,1,regular,off_peak
record_799,2024-03-20 12:07:19,Route_17,Station_4,5,clear,Monday,0,monthly_pass,off_peak
record_800,2024-04-20 11:07:19,Route_8,Station_16,5,rainy,Saturday,1,regular,peak
record_801,2024-01-17 14:07:19,Route_14,Station_6,4,clear,Wednesday,1,student,off_peak
record_802,2023-12-31 22:07:19,Route_10,Station_28,4,snowy,Wednesday,0,regular,peak
record_803,2024-01-14 05:07:19,Route_9,Station_8,3,cloudy,Thursday,0,senior,off_peak
record_804,2023-11-19 12:07:19,Route_2,Station_30,6,clear,Saturday,0,monthly_pass,peak
record_805,2024-03-31 04:07:19,Route_18,Station_40,18,foggy,Friday,0,monthly_pass,peak
record_806,2023-11-22 02:07:19,Route_19,Station_39,3,cloudy,Friday,1,senior,peak
record_807,2024-10-01 06:07:19,Route_6,Station_4,13,rainy,Monday,1,senior,peak
record_808,2023-12-25 06:07:19,Route_14,Station_20,9,rainy,Sunday,1,senior,peak
record_809,2024-04-30 12:07:19,Route_18,Station_43,5,snowy,Tuesday,0,regular,off_peak
record_810,2024-01-05 23:07:19,Route_16,Station_48,9,cloudy,Tuesday,1,senior,off_peak
record_811,2024-07-11 11:07:19,Route_2,Station_43,5,clear,Wednesday,0,student,off_peak
record_812,2023-11-26 00:07:19,Route_12,Station_48,5,clear,Sunday,0,monthly_pass,off_peak
record_813,2024-07-05 12:07:19,Route_13,Station_12,1,rainy,Wednesday,1,monthly_pass,off_peak
record_814,2024-04-30 22:07:19,Route_17,Station_8,21,cloudy,Saturday,1,student,off_peak
record_815,2024-04-22 12:07:19,Route_11,Station_1,3,cloudy,Thursday,1,monthly_pass,off_peak
record_816,2024-06-06 21:07:19,Route_14,Station_46,20,rainy,Thursday,0,senior,off_peak
record_817,2024-07-04 02:07:19,Route_14,Station_9,7,clear,Sunday,1,monthly_pass,off_peak
record_818,2024-01-13 20:07:19,Route_5,Station_45,7,rainy,Monday,0,student,peak
record_819,2023-12-17 18:07:19,Route_10,Station_1,4,cloudy,Saturday,0,senior,off_peak
record_820,2023-12-02 22:07:19,Route_13,Station_11,7,clear,Tuesday,0,regular,peak
record_821,2024-10-13 20:07:19,Route_6,Station_32,4,foggy,Thursday,1,regular,peak
record_822,2023-11-25 17:07:19,Route_18,Station_23,6,rainy,Tuesday,1,senior,off_peak
record_823,2024-06-13 15:07:19,Route_16,Station_34,5,cloudy,Saturday,1,monthly_pass,peak
record_824,2024-07-27 07:07:19,Route_8,Station_34,6,cloudy,Thursday,0,student,peak
record_825,2023-11-03 06:07:19,Route_8,Station_47,5,snowy,Sunday,1,senior,off_peak
record_826,2024-05-07 04:07:19,Route_10,Station_17,4,snowy,Friday,1,student,off_peak
record_827,2024-10-24 10:07:19,Route_5,Station_11,21,rainy,Wednesday,1,regular,off_peak
record_828,2024-08-14 21:07:19,Route_15,Station_24,5,clear,Thursday,1,senior,off_peak
record_829,2023-11-26 03:07:19,Route_2,Station_9,21,foggy,Sunday,0,senior,off_peak
record_830,2024-09-22 11:07:19,Route_18,Station_48,19,foggy,Sunday,0,student,peak
record_831,2023-12-08 15:07:19,Route_14,Station_50,3,clear,Thursday,0,regular,off_peak
record_832,2024-09-10 16:07:19,Route_14,Station_18,5,snowy,Saturday,0,regular,off_peak
record_833,2024-01-30 09:07:19,Route_18,Station_47,6,cloudy,Monday,1,senior,peak
record_834,2024-04-18 02:07:19,Route_17,Station_8,4,snowy,Sunday,1,student,peak
record_835,2024-03-09 05:07:19,Route_5,Station_50,8,rainy,Friday,1,senior,off_peak
record_836,2024-08-08 04:07:19,Route_13,Station_2,4,snowy,Wednesday,0,monthly_pass,peak
record_837,2024-05-20 16:07:19,Route_8,Station_22,3,clear,Friday,1,regular,off_peak
record_838,2024-05-13 21:07:19,Route_9,Station_28,5,rainy,Saturday,1,regular,peak
record_839,2023-12-27 13:07:19,Route_7,Station_18,10,clear,Saturday,0,senior,peak
record_840,2024-10-01 11:07:19,Route_11,Station_34,31,rainy,Wednesday,1,senior,off_peak
record_841,2024-08-07 20:07:19,Route_3,Station_5,5,cloudy,Friday,0,senior,off_peak
record_842,2024-10-01 18:07:19,Route_15,Station_17,5,snowy,Friday,0,regular,peak
record_843,2024-09-16 07:07:19,Route_12,Station_46,3,clear,Monday,0,regular,off_peak
record_844,2024-03-14 18:07:19,Route_3,Station_37,3,rainy,Tuesday,1,regular,peak
record_845,2024-03-24 00:07:19,Route_18,Station_41,20,snowy,Friday,1,monthly_pass,peak
record_846,2023-12-22 01:07:19,Route_7,Station_5,3,foggy,Saturday,0,senior,peak
record_847,2024-03-29 07:07:19,Route_2,Station_32,12,clear,Wednesday,1,regular,peak
record_848,2024-07-08 23:07:19,Route_9,Station_30,5,cloudy,Sunday,1,monthly_pass,peak
record_849,2024-08-30 04:07:19,Route_13,Station_33,9,rainy,Sunday,1,senior,off_peak
record_850,2024-03-21 12:07:19,Route_20,Station_24,5,clear,Wednesday,1,student,off_peak
record_851,2024-06-03 18:07:19,Route_20,Station_4,2,clear,Monday,1,student,peak
record_852,2023-11-14 21:07:19,Route_2,Station_32,3,foggy,Tuesday,0,senior,peak
record_853,2024-02-20 23:07:19,Route_3,Station_37,6,cloudy,Wednesday,1,senior,off_peak
record_854,2023-11-21 06:07:19,Route_7,Station_11,0,foggy,Sunday,0,senior,peak
record_855,2024-10-04 08:07:19,Route_19,Station_24,5,rainy,Monday,1,student,off_peak
record_856,2024-04-07 20:07:19,Route_18,Station_11,2,snowy,Wednesday,0,monthly_pass,off_peak
record_857,2024-09-29 15:07:19,Route_7,Station_17,31,clear,Thursday,0,student,off_peak
record_858,2024-07-15 06:07:19,Route_16,Station_50,4,rainy,Saturday,0,regular,off_peak
record_859,2024-07-11 11:07:19,Route_7,Station_7,15,rainy,Friday,1,senior,off_peak
record_860,2024-06-19 06:07:19,Route_11,Station_37,22,cloudy,Sunday,1,student,off_peak
record_861,2024-05-13 12:07:19,Route_10,Station_44,4,clear,Tuesday,0,senior,peak
record_862,2024-10-24 00:07:19,Route_1,Station_47,7,foggy,Friday,1,monthly_pass,peak
record_863,2024-03-21 10:07:19,Route_7,Station_8,8,snowy,Friday,0,regular,off_peak
record_864,2024-08-22 03:07:19,Route_7,Station_15,3,clear,Thursday,0,student,peak
record_865,2024-01-28 17:07:19,Route_4,Station_48,5,clear,Tuesday,1,monthly_pass,off_peak
record_866,2024-07-01 23:07:19,Route_16,Station_33,3,snowy,Friday,1,monthly_pass,peak
record_867,2024-01-14 18:07:19,Route_8,Station_1,16,rainy,Monday,1,regular,off_peak
record_868,2024-04-29 13:07:19,Route_20,Station_3,22,foggy,Sunday,1,regular,off_peak
record_869,2024-04-06 16:07:19,Route_7,Station_1,19,clear,Sunday,0,regular,peak
record_870,2024-10-06 02:07:19,Route_13,Station_16,6,rainy,Sunday,1,monthly_pass,peak
record_871,2024-10-18 01:07:19,Route_8,Station_3,2,cloudy,Wednesday,1,student,off_peak
record_872,2024-09-18 05:07:19,Route_18,Station_31,9,rainy,Saturday,0,monthly_pass,peak
record_873,2024-01-07 02:07:19,Route_11,Station_24,5,snowy,Sunday,0,student,peak
record_874,2024-01-08 03:07:19,Route_10,Station_25,3,foggy,Wednesday,0,monthly_pass,peak
record_875,2023-10-29 19:07:19,Route_13,Station_10,4,snowy,Saturday,0,regular,off_peak
record_876,2024-03-28 06:07:19,Route_15,Station_12,22,cloudy,Monday,0,senior,off_peak
record_877,2024-08-30 03:07:19,Route_18,Station_3,4,rainy,Wednesday,1,monthly_pass,off_peak
record_878,2024-10-17 05:07:19,Route_12,Station_36,9,clear,Thursday,1,monthly_pass,off_peak
record_879,2024-07-31 20:07:19,Route_10,Station_46,3,cloudy,Monday,1,senior,peak
record_880,2024-03-05 17:07:19,Route_9,Station_48,5,snowy,Thursday,1,monthly_pass,peak
record_881,2024-04-25 13:07:19,Route_12,Station_42,3,rainy,Tuesday,1,monthly_pass,off_peak
record_882,2024-03-18 12:07:19,Route_17,Station_27,2,snowy,Wednesday,0,monthly_pass,peak
record_883,2024-06-25 02:07:19,Route_16,Station_15,4,clear,Thursday,1,monthly_pass,peak
record_884,2023-12-31 03:07:19,Route_15,Station_21,9,cloudy,Sunday,0,monthly_pass,peak
record_885,2024-02-02 13:07:19,Route_4,Station_16,4,cloudy,Wednesday,0,student,off_peak
record_886,2024-04-08 06:07:19,Route_16,Station_27,5,foggy,Tuesday,0,student,peak
record_887,2024-05-07 08:07:19,Route_11,Station_47,8,snowy,Friday,1,student,peak
record_888,2024-05-10 10:07:19,Route_7,Station_21,8,foggy,Wednesday,1,monthly_pass,off_peak
record_889,2024-09-17 23:07:19,Route_12,Station_18,5,cloudy,Tuesday,1,monthly_pass,peak
record_890,2023-12-08 12:07:19,Route_11,Station_5,3,rainy,Monday,1,student,peak
record_891,2024-01-29 23:07:19,Route_14,Station_37,9,foggy,Wednesday,1,regular,peak
record_892,2024-07-20 04:07:19,Route_2,Station_24,2,rainy,Sunday,0,student,peak
record_893,2024-04-30 16:07:19,Route_19,Station_8,8,foggy,Monday,0,monthly_pass,peak
record_894,2023-12-02 11:07:19,Route_8,Station_33,7,snowy,Sunday,0,monthly_pass,peak
record_895,2024-06-29 12:07:19,Route_5,Station_44,17,snowy,Tuesday,0,regular,off_peak
record_896,2024-08-14 07:07:19,Route_1,Station_4,8,cloudy,Monday,0,student,off_peak
record_897,2024-07-18 10:07:19,Route_9,Station_12,7,snowy,Thursday,0,senior,off_peak
record_898,2023-12-24 11:07:19,Route_18,Station_15,4,foggy,Friday,0,regular,peak
record_899,2023-11-27 13:07:19,Route_19,Station_34,5,foggy,Monday,1,monthly_pass,peak
record_900,2024-07-28 19:07:19,Route_19,Station_3,8,rainy,Sunday,1,regular,peak
record_901,2024-02-18 01:07:19,Route_14,Station_26,6,clear,Thursday,0,regular,off_peak
record_902,2024-01-12 21:07:19,Route_10,Station_5,7,foggy,Friday,0,senior,peak
record_903,2024-03-11 18:07:19,Route_5,Station_30,2,rainy,Tuesday,0,senior,off_peak
record_904,2024-01-11 19:07:19,Route_7,Station_19,6,cloudy,Tuesday,0,regular,peak
record_905,2023-12-06 20:07:19,Route_11,Station_50,6,snowy,Wednesday,1,student,off_peak
record_906,2024-05-14 19:07:19,Route_8,Station_20,7,snowy,Thursday,1,regular,peak
record_907,2024-05-19 11:07:19,Route_13,Station_21,5,foggy,Saturday,1,senior,off_peak
record_908,2024-03-16 13:07:19,Route_19,Station_6,5,snowy,Sunday,1,senior,peak
record_909,2024-03-01 01:07:19,Route_8,Station_36,3,cloudy,Friday,0,senior,peak
record_910,2023-12-09 06:07:19,Route_16,Station_30,5,clear,Wednesday,1,senior,off_peak
record_911,2024-06-08 21:07:19,Route_18,Station_1,5,foggy,Sunday,1,senior,off_peak
record_912,2024-09-29 04:07:19,Route_11,Station_24,4,cloudy,Wednesday,0,monthly_pass,peak
record_913,2024-02-11 13:07:19,Route_9,Station_13,3,rainy,Tuesday,1,regular,peak
record_914,2024-05-22 01:07:19,Route_16,Station_19,3,clear,Sunday,0,student,peak
record_915,2024-03-10 14:07:19,Route_16,Station_37,5,foggy,Sunday,0,student,off_peak
record_916,2024-09-28 04:07:19,Route_15,Station_20,10,snowy,Monday,0,monthly_pass,peak
record_917,2024-06-03 13:07:19,Route_6,Station_48,23,foggy,Sunday,0,regular,peak
record_918,2023-12-02 13:07:19,Route_12,Station_40,16,rainy,Friday,0,senior,peak
record_919,2023-12-17 20:07:19,Route_6,Station_16,18,snowy,Saturday,0,senior,peak
record_920,2024-02-11 03:07:19,Route_5,Station_30,0,clear,Tuesday,1,student,peak
record_921,2024-03-04 21:07:19,Route_18,Station_24,3,foggy,Tuesday,0,student,off_peak
record_922,2024-01-17 16:07:19,Route_16,Station_38,4,cloudy,Saturday,0,monthly_pass,off_peak
record_923,2024-10-06 01:07:19,Route_6,Station_32,20,rainy,Monday,0,regular,off_peak
record_924,2024-01-08 19:07:19,Route_18,Station_50,2,foggy,Thursday,0,regular,off_peak
record_925,2024-07-23 05:07:19,Route_2,Station_50,3,cloudy,Thursday,1,senior,off_peak
record_926,2023-12-23 00:07:19,Route_17,Station_13,24,foggy,Saturday,0,regular,off_peak
record_927,2024-02-14 11:07:19,Route_2,Station_47,2,rainy,Sunday,0,regular,off_peak
record_928,2024-09-26 01:07:19,Route_3,Station_35,4,foggy,Friday,0,monthly_pass,off_peak
record_929,2024-09-05 05:07:19,Route_2,Station_49,31,snowy,Monday,1,monthly_pass,off_peak
record_930,2023-10-28 13:07:19,Route_1,Station_16,26,snowy,Monday,1,senior,off_peak
record_931,2024-02-11 19:07:19,Route_14,Station_10,2,cloudy,Wednesday,0,monthly_pass,peak
record_932,2024-07-31 14:07:19,Route_5,Station_1,8,snowy,Monday,0,senior,off_peak
record_933,2024-06-22 17:07:19,Route_8,Station_27,4,clear,Saturday,0,monthly_pass,off_peak
record_934,2024-03-17 01:07:19,Route_3,Station_2,17,clear,Sunday,0,monthly_pass,off_peak
record_935,2024-02-01 23:07:19,Route_5,Station_15,24,foggy,Friday,0,student,peak
record_936,2023-12-20 10:07:19,Route_1,Station_35,3,clear,Sunday,1,student,off_peak
record_937,2024-04-24 04:07:19,Route_7,Station_23,18,clear,Monday,0,monthly_pass,off_peak
record_938,2024-06-05 03:07:19,Route_17,Station_41,4,rainy,Wednesday,1,monthly_pass,peak
record_939,2024-04-01 05:07:19,Route_15,Station_45,2,rainy,Thursday,0,monthly_pass,peak
record_940,2023-11-14 20:07:19,Route_12,Station_1,30,clear,Monday,0,student,off_peak
record_941,2024-09-30 19:07:19,Route_2,Station_22,6,rainy,Monday,1,senior,off_peak
record_942,2023-12-01 05:07:19,Route_20,Station_1,7,clear,Friday,0,regular,peak
record_943,2024-09-24 05:07:19,Route_20,Station_49,18,cloudy,Sunday,0,monthly_pass,peak
record_944,2024-09-08 22:07:19,Route_16,Station_43,5,rainy,Saturday,0,monthly_pass,peak
record_945,2023-11-15 03:07:19,Route_16,Station_25,14,clear,Saturday,0,student,off_peak
record_946,2024-06-04 07:07:19,Route_1,Station_48,6,clear,Wednesday,0,monthly_pass,peak
record_947,2023-11-25 20:07:19,Route_1,Station_47,4,foggy,Monday,0,senior,off_peak
record_948,2024-08-12 05:07:19,Route_18,Station_20,3,cloudy,Friday,1,regular,off_peak
record_949,2024-09-15 21:07:19,Route_18,Station_7,4,cloudy,Sunday,0,monthly_pass,off_peak
record_950,2023-11-23 11:07:19,Route_14,Station_14,2,foggy,Wednesday,0,senior,off_peak
record_951,2024-05-01 06:07:19,Route_1,Station_34,17,foggy,Saturday,0,regular,peak
record_952,2023-11-26 17:07:19,Route_1,Station_16,1,foggy,Tuesday,1,student,peak
record_953,2023-11-23 03:07:19,Route_17,Station_27,4,snowy,Wednesday,1,regular,off_peak
record_954,2024-08-21 20:07:19,Route_9,Station_32,7,clear,Tuesday,1,senior,peak
record_955,2023-10-31 13:07:19,Route_18,Station_4,5,snowy,Tuesday,0,regular,off_peak
record_956,2024-05-21 22:07:19,Route_10,Station_10,30,rainy,Wednesday,0,regular,peak
record_957,2024-04-17 19:07:19,Route_1,Station_46,3,foggy,Wednesday,0,student,off_peak
record_958,2024-05-12 11:07:19,Route_17,Station_18,7,clear,Friday,0,regular,off_peak
record_959,2023-11-18 17:07:19,Route_14,Station_6,20,clear,Wednesday,0,student,peak
record_960,2023-11-11 23:07:19,Route_6,Station_3,11,rainy,Sunday,0,monthly_pass,off_peak
record_961,2024-09-09 19:07:19,Route_4,Station_15,4,cloudy,Thursday,0,regular,off_peak
record_962,2023-11-19 02:07:19,Route_4,Station_34,7,clear,Saturday,1,regular,peak
record_963,2024-02-10 04:07:19,Route_17,Station_27,4,cloudy,Monday,0,student,off_peak
record_964,2024-10-18 04:07:19,Route_5,Station_45,9,clear,Wednesday,0,regular,off_peak
record_965,2024-05-22 10:07:19,Route_8,Station_24,2,snowy,Tuesday,0,senior,off_peak
record_966,2024-07-10 05:07:19,Route_7,Station_30,3,foggy,Tuesday,0,student,peak
record_967,2024-02-22 09:07:19,Route_20,Station_48,9,cloudy,Wednesday,1,student,off_peak
record_968,2024-07-04 11:07:19,Route_17,Station_6,3,snowy,Monday,1,monthly_pass,off_peak
record_969,2024-08-09 13:07:19,Route_9,Station_38,8,clear,Monday,0,regular,peak
record_970,2024-05-29 12:07:19,Route_12,Station_7,5,foggy,Friday,1,senior,peak
record_971,2024-02-10 22:07:19,Route_9,Station_33,4,snowy,Friday,0,monthly_pass,peak
record_972,2024-02-01 14:07:19,Route_13,Station_9,9,foggy,Friday,0,regular,peak
record_973,2023-11-24 05:07:19,Route_3,Station_41,2,clear,Monday,1,monthly_pass,off_peak
record_974,2023-12-16 11:07:19,Route_12,Station_26,5,clear,Tuesday,1,regular,peak
record_975,2023-12-27 03:07:19,Route_13,Station_5,10,snowy,Friday,1,senior,off_peak
record_976,2024-08-10 10:07:19,Route_15,Station_38,5,clear,Wednesday,0,monthly_pass,off_peak
record_977,2024-07-26 17:07:19,Route_19,Station_37,4,rainy,Friday,0,student,peak
record_978,2023-12-13 10:07:19,Route_8,Station_4,7,foggy,Wednesday,1,monthly_pass,off_peak
record_979,2024-03-17 14:07:19,Route_8,Station_28,3,clear,Wednesday,0,regular,peak
record_980,2024-03-31 04:07:19,Route_10,Station_43,6,clear,Tuesday,1,senior,off_peak
record_981,2023-11-15 16:07:19,Route_3,Station_9,3,rainy,Saturday,0,monthly_pass,peak
record_982,2024-06-28 01:07:19,Route_2,Station_16,3,foggy,Sunday,1,senior,peak
record_983,2023-12-20 06:07:19,Route_3,Station_19,20,cloudy,Wednesday,0,regular,peak
record_984,2024-03-12 08:07:19,Route_13,Station_17,2,rainy,Friday,0,regular,peak
record_985,2024-01-28 08:07:19,Route_13,Station_21,1,rainy,Tuesday,1,regular,peak
record_986,2024-05-22 00:07:19,Route_13,Station_26,2,foggy,Tuesday,1,student,peak
record_987,2024-07-20 04:07:19,Route_18,Station_45,4,rainy,Monday,1,senior,off_peak
record_988,2023-11-14 21:07:19,Route_16,Station_48,5,foggy,Wednesday,0,student,peak
record_989,2024-03-16 01:07:19,Route_2,Station_21,8,rainy,Friday,0,student,peak
record_990,2024-06-05 03:07:19,Route_1,Station_21,7,foggy,Wednesday,1,senior,off_peak
record_991,2024-02-12 23:07:19,Route_6,Station_29,7,foggy,Friday,1,regular,off_peak
record_992,2024-03-27 10:07:19,Route_3,Station_18,2,cloudy,Thursday,0,student,off_peak
record_993,2024-07-16 20:07:19,Route_16,Station_15,6,clear,Monday,1,senior,peak
record_994,2024-08-18 07:07:19,Route_14,Station_5,8,foggy,Tuesday,1,monthly_pass,off_peak
record_995,2024-09-30 19:07:19,Route_11,Station_13,6,snowy,Monday,1,student,off_peak
record_996,2024-02-24 04:07:19,Route_19,Station_9,4,cloudy,Thursday,1,regular,peak
record_997,2024-01-18 12:07:19,Route_4,Station_50,4,cloudy,Saturday,1,senior,peak
record_998,2023-10-28 23:07:19,Route_17,Station_50,14,clear,Monday,0,student,off_peak
record_999,2024-08-25 06:07:19,Route_2,Station_38,3,rainy,Monday,1,regular,peak
record_1000,2024-09-15 10:07:19,Route_8,Station_7,4,rainy,Thursday,1,regular,off_peak
